Intensity_W_per_m2,Optical_Power_mW,Fprime0_mF0_MHz,Fprime1_mF1_MHz,Fprime1_mF-1_MHz,Fprime1_mF0_MHz,Fprime2_mF-1_MHz,Fprime2_mF0_MHz,Fprime2_mF2_MHz,Fprime2_mF-2_MHz,Fprime2_mF1_MHz,Fprime3_mF-1_MHz,Fprime3_mF-2_MHz,Fprime3_mF3_MHz,Fprime3_mF2_MHz,Fprime3_mF-3_MHz,Fprime3_mF1_MHz,Fprime3_mF0_MHz
0.0,0.0,-0.4958144999999999,-0.4235925,-0.42359249999999987,-0.42359249999999987,-0.26665199999999994,-0.2666519999999999,-0.26665199999999983,-0.26665199999999983,-0.2666519999999998,0.0,8.940696716308594e-17,1.4901161193847657e-16,1.4901161193847657e-16,1.4901161193847657e-16,2.0861625671386718e-16,2.682209014892578e-16
2.0202020202020203,3.7273325786155938,-0.47890209262415184,-0.40457244006357146,-0.40457244006357146,-0.41080354688517423,-0.24954988269276862,-0.24949667855421362,-0.24972253102285993,-0.2497225310228599,-0.2495498826927687,0.020256550588880897,0.017138259844494342,0.011756729810728013,0.017138259844494373,0.011756729810728013,0.020256550588880807,0.021278775706808566
4.040404040404041,7.4546651572311875,-0.4622318301046206,-0.3858109638008803,-0.38581096380088026,-0.3980592079502124,-0.23229750555055503,-0.23209921225211078,-0.23300136398823693,-0.23300136398823695,-0.23229750555055503,0.04062142501651657,0.03448482163150555,0.023513459621455877,0.03448482163150552,0.023513459621455877,0.040621425016516624,0.04260216559348085
6.06060606060606,11.18199773584678,-0.4458014289547956,-0.3673208718018188,-0.3673208718018186,-0.3853569277250049,-0.21487557478040673,-0.21446188458030163,-0.2164870434997651,-0.2164870434997651,-0.21487557478040673,0.061088130079847244,0.05203822996466783,0.03527018943218374,0.05203822996466783,0.03527018943218374,0.061088130079847036,0.06396761418990764
8.080808080808081,14.909330314462375,-0.4296071621299899,-0.3491130982870574,-0.3491130982870574,-0.37269431992277224,-0.19726698730749723,-0.19658842258347325,-0.20017718121183944,-0.20017718121183953,-0.19726698730749723,0.08165049692471674,0.06979609649837631,0.047026919242911636,0.0697960964983764,0.047026919242911636,0.08165049692471674,0.08537273520930926
10.101010101010102,18.63666289307797,-0.4136439712834165,-0.3311962462538594,-0.331196246253859,-0.36006915592984606,-0.1794573002035265,-0.17848388460841147,-0.184068509718157,-0.1840685097181569,-0.17945730020352643,0.1023026856200898,0.08775515382632884,0.058783649053639975,0.08775515382632897,0.058783649053639975,0.10230268562008998,0.10681530003801802
12.12121212121212,22.36399547169356,-0.3979056128995944,-0.31357620264185904,-0.31357620264185915,-0.34747935393880025,-0.161435114697247,-0.16015451417060023,-0.16815695402989717,-0.16815695402989717,-0.16143511469724708,0.12303918433434907,0.10591132695970229,0.07054037886436737,0.10591132695970229,0.07054037886436737,0.123039184334349,0.12829322686860528
14.14141414141414,26.09132805030915,-0.3823848289086082,-0.2962558739719209,-0.2962558739719208,-0.3349229687292738,-0.14319233543151672,-0.14160756933995242,-0.1524377171194651,-0.1524377171194651,-0.14319233543151674,0.14385480423122082,0.12425981887090441,0.08229710867509522,0.12425981887090448,0.08229710867509522,0.14385480423122093,0.14980457048071327
16.161616161616163,29.81866062892475,-0.3670735316822912,-0.27923507158127736,-0.27923507158127725,-0.3223981820892427,-0.12472427682624425,-0.12285113774463548,-0.13690537555905768,-0.1369053755590576,-0.12472427682624429,0.16474467106784538,0.14279520613213112,0.09405383848582306,0.1427952061321312,0.09405383848582306,0.16474467106784527,0.17134751266231618
18.18181818181818,33.54599320754034,-0.3519629935941341,-0.26251055851347527,-0.2625105585134751,-0.3099032938608916,-0.10602960533332309,-0.10389394701115821,-0.12155398114826861,-0.12155398114826857,-0.10602960533332303,0.18570421433966253,0.16151154054297617,0.10581056829655096,0.16151154054297617,0.10581056829655096,0.18570421433966253,0.19292035325559923
20.202020202020204,37.27332578615594,-0.3370440324077995,-0.24607625069820088,-0.24607625069820088,-0.29743671358914564,-0.087110125660159,-0.08474517937585763,-0.10637716457691582,-0.1063771645769157,-0.087110125660159,0.2067291546837661,0.1804024527932585,0.11756729810727932,0.18040245279325845,0.11756729810727932,0.2067291546837661,0.21452150180548837
22.22222222222222,41.000658364771525,-0.32230718538525177,-0.22992354737193602,-0.2299235473719361,-0.28499695274671755,-0.06797043659929311,-0.06541429757677236,-0.09136823755610073,-0.0913682375561006,-0.06797043659929311,0.22781549012917426,0.19946125459407654,0.12932402791800668,0.19946125459407654,0.12932402791800668,0.22781549012917432,0.23614946978469362
24.24242424242424,44.72799094338712,-0.30774286689632885,-0.21404175325006583,-0.21404175325006586,-0.2725826175068513,-0.04861749443127996,-0.04591088724405992,-0.0765202904040496,-0.0765202904040496,-0.048617494431279926,0.24895948167183254,0.21868103626366053,0.14108075772873507,0.2186810362636606,0.14108075772873507,0.24895948167183277,0.25780286336646235
26.262626262626263,48.455323522002715,-0.2933415062182454,-0.1984185496344028,-0.19841854963440275,-0.2601924020334965,-0.029060127097709866,-0.026244519100509466,-0.06182628272076873,-0.06182628272076881,-0.029060127097709984,0.27015763855514,0.23805475740201393,0.15283748753946294,0.23805475740201393,0.15283748753946294,0.27015763855514013,0.27948037671474185
28.28282828282828,52.1826561006183,-0.2790936639469134,-0.18304047332035267,-0.18304047332035273,-0.24782508225800473,-0.009308540577659011,-0.006424632550207883,-0.0472791254592593,-0.0472791254592593,-0.00930854057765919,0.2914067035535777,0.25757532896213775,0.1645942173501903,0.2575753289621376,0.1645942173501903,0.2914067035535779,0.301180785760883
30.303030303030305,55.909988679233905,-0.2649901268841518,-0.16789336916556113,-0.16789336916556102,-0.23547951011160093,0.010626148166928709,0.013539559208664507,-0.032871753345462086,-0.032871753345462114,0.010626148166928768,0.31270363848673893,0.2772356856699747,0.1763509471609182,0.2772356856699746,0.1763509471609182,0.31270363848673915,0.32290294243611334
32.323232323232325,59.6373212578495,-0.25102198236388606,-0.15296279204717045,-0.1529627920471704,-0.2231546081834361,0.0307323272350792,0.03363914351003382,-0.01859718717384532,-0.018597187173845262,0.03073232723507926,0.33404561013274015,0.2970288483199929,0.18810767697164651,0.2970288483199929,0.18810767697164651,0.3340456101327399,0.34464576932958374
34.34343434343434,63.36465383646509,-0.23718067373728716,-0.13823434429448223,-0.13823434429448236,-0.21084936477500826,0.050998240785393056,0.05386556370506874,-0.004448585986303479,-0.004448585986303568,0.05099824078539309,0.35542997666227827,0.31694797595408525,0.19986440678237435,0.31694797595408525,0.19986440678237435,0.35542997666227827,0.36640825474278976
36.36363636363636,67.09198641508068,-0.2234580391875304,-0.12369394379271967,-0.12369394379271946,-0.1985628293229299,0.07141227010238284,0.07421065797694543,0.009580710481389493,0.009580710481389433,0.07141227010238278,0.37685427467606486,0.33698640830802523,0.21162113659310178,0.33698640830802534,0.21162113659310178,0.37685427467606475,0.3881894481123446
38.38383838383839,70.81931899369629,-0.2098463362445713,-0.10932802487964001,-0.10932802487964023,-0.186294108163405,0.09196314680020228,0.09466668385562124,0.023497148427882225,0.023497148427882253,0.0919631468002024,0.3983162068977078,0.35713769918316796,0.22337786640383014,0.3571376991831677,0.22337786640383014,0.3983162068977077,0.4099884557744551
40.40404040404041,74.54665157231187,-0.19633825437991517,-0.09512367868188347,-0.0951236786818831,-0.17404236061322748,0.11264010478259852,0.11522633081259963,0.03730693485233435,0.0373069348523345,0.11264010478259852,0.41981363055009485,0.37739564158034955,0.23513459621455804,0.37739564158034955,0.23513459621455804,0.41981363055009496,0.43180443704591215
42.42424242424242,78.27398415092748,-0.18292691793869373,-0.08106874192245386,-0.08106874192245374,-0.16180679534361275,0.13343297998101172,0.13588272319301214,0.05101601972262725,0.05101601972262725,0.13343297998101195,0.4413445464247924,0.3977542855316912,0.24689132602528588,0.39775428553169095,0.24689132602528588,0.441344546424793,0.45363660059793115
44.44444444444444,82.00131672954305,-0.1696058814611745,-0.06715184396662392,-0.06715184396662383,-0.14958666702470136,0.1543322676426113,0.1566294155371268,0.06463008447620643,0.06463008447620633,0.15433226764261124,0.46290708863990343,0.4182079495997458,0.2586480558360137,0.4182079495997459,0.2586480558360137,0.46290708863990376,0.47548420110065376
46.464646464646464,85.72864930815864,-0.1563691191975413,-0.053362421496272384,-0.053362421496272294,-0.13738127322004648,0.1753291465732318,0.17746038209512802,0.07815453589962956,0.07815453589962962,0.17532914657323195,0.4844995150714718,0.4387512269979569,0.27040478564674164,0.4387512269979569,0.27040478564674164,0.4844995150714712,0.49734653611763296
48.48484848484848,89.45598188677424,-0.14321101035762251,-0.03969070918089944,-0.03969070918089932,-0.1251899515118439,0.19641547872583662,0.1983700020768433,0.09159450448337349,0.09159450448337332,0.1964154787258363,0.5061201984360347,0.45937898723584714,0.2821615154574695,0.45937898723584714,0.2821615154574695,0.5061201984360353,0.5192229432310647
50.505050505050505,93.18331446538984,-0.1301263213812346,-0.026127713403019486,-0.026127713403019875,-0.1130120768390486,0.21758379121973626,0.21935304192208924,0.1049548464216865,0.10495484642168638,0.21758379121973612,0.5277676179967957,0.4800863741191684,0.2939182452681973,0.48008637411916827,0.2939182452681973,0.5277676179967956,0.5411127973799034
52.525252525252526,96.91064704400543,-0.11711018627753082,-0.012665174736542762,-0.012665174736542672,-0.10084705903184699,0.23882724652003745,0.24040463564002015,0.1182401485132285,0.11824014851322845,0.23882724652003745,0.5494403518625582,0.5008688008492606,0.30567497507892527,0.5008688008492606,0.30567497507892527,0.5494403518625581,0.5630155083943358
54.54545454545455,100.63797962262103,-0.1041580858700342,0.000704476387955755,0.0007044763879555166,-0.08869434052719526,0.26013960524396385,0.26152026405415724,0.13145473530927548,0.13145473530927554,0.260139605243964,0.5711370698466736,0.5217219428748475,0.3174317048896531,0.5217219428748475,0.3174317048896531,0.5711370698466735,0.5849305187113183
56.56565656565656,104.3653122012366,-0.091265826600666,0.01398816749625063,0.013988167496250778,-0.07655339425130511,0.28151518496246863,0.28269573360642314,0.1446026779467977,0.14460267794679763,0.2815151849624685,0.5928565268524147,0.5426417290589596,0.3291884347003809,0.5426417290589596,0.3291884347003809,0.5928565268524147,0.6068573012570626
58.58585858585858,108.09264477985221,-0.0784295193910712,0.027192232936885954,0.027192232936885923,-0.06442372165606783,0.30294881745561636,0.3039271552184625,0.157687804189899,0.1576878041898989,0.30294881745561625,0.6145975567511718,0.5636243316374924,0.34094516451110873,0.5636243316374924,0.34094516451110873,0.6145975567511718,0.6287953574834592
60.60606060606061,111.81997735846781,-0.06564555893113388,0.040322462101901234,0.040322462101901324,-0.052304850897414774,0.3244358061538448,0.32521092358015957,0.17071370928255866,0.17071370928255852,0.3244358061538448,0.6363590667204686,0.5846661553664672,0.3527018943218367,0.584666155366467,0.3527018943218367,0.6363590667204685,0.6507442155464405
62.62626262626263,115.5473099370834,-0.05291060366017899,0.053384145864235254,0.0533841458642354,-0.04019633514457715,0.34597188493474174,0.34654369713083877,0.18368376728701,0.18368376728701,0.3459718849347414,0.658140032009778,0.6057638261836497,0.3644586241325645,0.6057638261836497,0.3644586241325645,0.6581400320097777,0.6727034286152368
64.64646464646465,119.274642515699,-0.040221556622873605,0.06638212051696014,0.06638212051696012,-0.028097751010076822,0.3675531790208777,0.36792237891516744,0.19660114264494577,0.19660114264494588,0.367553179020878,0.6799394911034574,0.626914179647348,0.37621535394329236,0.6269141796473483,0.37621535394329236,0.6799394911034576,0.6946725733023706
66.66666666666666,123.00197509431459,-0.027575547316185802,0.0793208088098856,0.07932080880988547,-0.016008697091106028,0.38917616841235003,0.3893440984301139,0.20946880175310817,0.20946880175310822,0.3891761684123498,0.7017565412516003,0.6481142493608197,0.3879720837540203,0.6481142493608197,0.3879720837540203,0.7017565412516001,0.7166512482050337
68.68686868686868,126.72930767293018,-0.014969914592977971,0.09220425790109017,0.09220425790108999,-0.003928792613695026,0.41083765406406453,0.4108061945285398,0.22228952439113095,0.22228952439113095,0.41083765406406436,0.7235903343412216,0.6693612555444312,0.39972881356474815,0.6693612555444309,0.39972881356474815,0.7235903343412211,0.7386390725492571
70.70707070707071,130.45664025154576,-0.0024021906492397486,0.10503617419515326,0.10503617419515344,0.00814232382822913,0.4325347268618897,0.4323061994064356,0.23506591487843456,0.2350659148784348,0.4325347268618897,0.745440073081873,0.6906525938787619,0.411485543375476,0.6906525938787618,0.411485543375476,0.7454400730818732,0.760635684928967
72.72727272727272,134.18397283016137,0.010129913906728297,0.11781995514323183,0.1178199551432316,0.020204995446163623,0.4542647393467755,0.4538418236721021,0.2478004128692455,0.24780041286924545,0.45426473934677575,0.7673050074814491,0.711985824709585,0.42324227318620383,0.7119858247095849,0.42324227318620383,0.767305007481449,0.7826407421326671
74.74747474747474,137.91130540877697,0.02262852392568162,0.13055871814602413,0.13055871814602432,0.03225954834940159,0.4760252800683838,0.4754109424747828,0.26049530372129515,0.26049530372129526,0.4760252800683838,0.7891844315895888,0.7333586626791696,0.43499900299693167,0.7333586626791694,0.43499900299693167,0.7891844315895887,0.8046539180510628
76.76767676767678,141.63863798739257,0.03509561256646916,0.14325532673955552,0.14325532673955557,0.04430629256260258,0.49781415040927113,0.4970115826556307,0.2731527283951682,0.2731527283951682,0.49781415040927113,0.8110776804877122,0.7547689668269314,0.4467557328076601,0.7547689668269315,0.4467557328076601,0.8110776804877122,0.8266749026594973
78.78787878787878,145.36597056600814,0.04753301316961738,0.1559124142634776,0.1559124142634776,0.05634552297419172,0.5196293436993723,0.5186419108741167,0.2857746928584132,0.2857746928584132,0.5196293436993726,0.8329841275062293,0.7762147311853206,0.45851246261838796,0.7762147311853205,0.45851246261838796,0.8329841275062292,0.8487034010695425
80.80808080808082,149.09330314462375,0.059942430208439264,0.16853240521817925,0.1685324052181789,0.0683775202207943,0.5414690264324812,0.5403002226569279,0.298363076982051,0.298363076982051,0.541469026432481,0.8549031816509584,0.7976940758833163,0.4702691924291154,0.7976940758833162,0.4702691924291154,0.8549031816509588,0.8707391326445728
82.82828282828282,152.82063572323932,0.07232544937388166,0.18111753451472096,0.18111753451472096,0.08040255151246574,0.5633315213972863,0.5619849323131197,0.3109196429276085,0.3109196429276085,0.5633315213972865,0.8768342852221517,0.8192052387593927,0.48202592223984325,0.8192052387593928,0.48202592223984325,0.8768342852221519,0.8927818301745356
84.84848484848484,156.54796830185495,0.08468354685051575,0.19366986481369225,0.19366986481369194,0.09242087140310923,0.5852152925421847,0.583694563658119,0.3234460430308336,0.32344604303083335,0.585215292542185,0.8987769116108221,0.8407465674778022,0.4937826520505711,0.8407465674778016,0.4937826520505711,0.8987769116108223,0.9148312391055253
86.86868686868688,160.27530088047055,0.09701809784073803,0.2061913021377224,0.20619130213772263,0.1044327225101312,0.607118931403215,0.6054277414895324,0.33594382719423294,0.33594382719423294,0.6071189314032157,0.9207305632583035,0.8623165121360373,0.5055393818612994,0.8623165121360373,0.5055393818612994,0.9207305632583033,0.936887116820139
88.88888888888889,164.0026334590861,0.10933038439279398,0.21868360992916444,0.21868360992916444,0.1164383361870372,0.6290411449365493,0.6271831837591094,0.3484144498049021,0.3484144498049022,0.6290411449365493,0.9426947697660661,0.8839136183470017,0.5172961116720267,0.8839136183470014,0.5172961116720267,0.9426947697660661,0.9589492319648658
90.9090909090909,167.7299660377017,0.12162160258610549,0.23114842171052571,0.2311484217105256,0.12843793315241514,0.6509807446098967,0.6489596943874325,0.36085927619715724,0.36085927619715713,0.6509807446098972,0.9646690861438975,0.9055365207763807,0.5290528414827547,0.9055365207763805,0.5290528414827547,0.9646690861438981,0.9810173638211228
92.92929292929293,171.45729861631727,0.13389286912467913,0.2435872524911981,0.24358725249119798,0.1404317240784348,0.6729366366201766,0.6707561566704937,0.37327958868141875,0.37327958868141864,0.6729366366201769,0.9866530911854878,0.9271839371137539,0.5408095712934831,0.9271839371137539,0.5408095712934831,0.9866530911854878,1.0030913017167382
94.94949494949495,175.1846311949329,0.14614522738648156,0.25600150905052166,0.256001509050522,0.15241991014179238,0.694907813117502,0.6925715272303252,0.38567659216197575,0.38567659216197575,0.694907813117502,1.00864638596138,0.9488546624548312,0.552566301104211,0.9488546624548312,0.552566301104211,1.008646385961379,1.0251708444750147
96.96969696969695,178.91196377354848,0.1583796529735534,0.2683924992143786,0.26839249921437863,0.16440268353976778,0.7168933443274969,0.7144048304648869,0.39805141936675037,0.3980514193667506,0.7168933443274971,1.030648592420066,0.9705475640716897,0.5643230309149383,0.9705475640716897,0.5643230309149383,1.030648592420066,1.0472557998986727
98.98989898989899,182.63929635216408,0.1705970588045357,0.28076144023058286,0.2807614402305826,0.17638022797387365,0.73889237147514,0.7362551534555386,0.41040513571220244,0.41040513571220244,0.7388923714751399,1.0526593520887602,0.9922615765478715,0.5760797607256661,0.9922615765478717,0.5760797607256661,1.0526593520887597,1.069345984286201
101.01010101010101,186.36662893077968,0.1827982997881991,0.2931094663373593,0.29310946633735896,0.18835271910336737,0.7609041004236047,0.7581216412935099,0.4227387438261672,0.422738743826167,0.7609041004236049,1.07467832486606,1.0139956972555428,0.5878364905363945,1.0139956972555424,0.5878364905363945,1.07467832486606,1.0914412219783416
103.03030303030303,190.09396150939526,0.19498417711360572,0.3054376356092323,0.3054376356092321,0.2003203249707422,0.78292779595093,0.7800034927897375,0.4350531877508093,0.4350531877508091,0.7829277959509303,1.096705187899403,1.0357489821525345,0.5995932203471223,1.0357489821525343,0.5995932203471223,1.0967051878994019,1.1135413449326013
105.05050505050505,193.82129408801086,0.20715544218968096,0.31774693615557864,0.317746936155579,0.21228320640113654,0.8049627765957914,0.8018999565352969,0.44734935684706356,0.4473493568470637,0.8049627765957913,1.1187396345407359,1.057520541877914,0.6113499501578503,1.0575205418779143,0.6113499501578503,1.1187396345407354,1.135646192323842
107.07070707070706,197.54862666662646,0.21931280026428213,0.3300382917389772,0.3300382917389773,0.22424151737745657,0.8270084100112483,0.82381032728233,0.45962808942098415,0.45962808942098415,0.8270084100112487,1.1407813733744196,1.079309538125628,0.623106679968578,1.0793095381256275,0.623106679968578,1.1407813733744192,1.1577556101691553
109.0909090909091,201.27595924524206,0.23145691375033875,0.3423125668731962,0.342312566873196,0.23619540539287803,0.8490641087721548,0.8457339426179074,0.4718901760914227,0.4718901760914224,0.8490641087721543,1.1628301273118347,1.1011151802768233,0.6348634097793059,1.1011151802768233,0.6348634097793059,1.162830127311835,1.1798694509753678
111.11111111111111,205.00329182385767,0.24358840528427889,0.35457057145413756,0.3545705714541379,0.2481450117822578,0.8711293265879564,0.8676701799056015,0.4841363629173726,0.4841363629173726,0.8711293265879565,1.1848856327476323,1.1229367222725077,0.6466201395900338,1.1229367222725077,0.6466201395900338,1.1848856327476331,1.2019875734076229
113.13131313131312,208.7306244024732,0.25570786053978434,0.36681306497125543,0.36681306497125576,0.26009047203388036,0.8932035548780312,0.8896184534717303,0.4963673543022542,0.4963673543022543,0.893203554878032,1.2069476387729794,1.1447734597092603,0.6583768694007617,1.1447734597092603,0.6583768694007617,1.2069476387729794,1.224109841977634
115.15151515151516,212.4579569810888,0.26781583081790694,0.3790407603417932,0.3790407603417932,0.2720319160828553,0.9152863196714912,0.9115782120152413,0.5085838156913213,0.5085838156913214,0.9152863196714918,1.229015906441523,1.1666247271418269,0.6701335992114895,1.1666247271418273,0.6701335992114895,1.229015906441523,1.246236126750293
117.17171717171716,216.18528955970442,0.27991283543272055,0.39125432740558824,0.39125432740558824,0.2839694685873822,0.9373771787976106,0.9335489362220617,0.5207863760773326,0.5207863760773331,0.9373771787976102,1.2510902080841486,1.1884898955774499,0.6818903290222174,1.18848989557745,0.6818903290222174,1.2510902080841486,1.2683663030674002
119.19191919191918,219.91262213832002,0.29199936390999914,0.40345439611412587,0.403454396114126,0.29590324918901656,0.9594757193368436,0.955530136566418,0.532975630328604,0.5329756303286041,0.9594757193368438,1.2731703266689192,1.2103683701478127,0.6936470588329452,1.2103683701478127,0.6936470588329452,1.273170326668919,1.2905002512874
121.21212121212122,223.63995471693562,0.30407587801484226,0.4156415594438773,0.4156415594438772,0.3078333727579775,0.9815815553056854,0.9775213512832089,0.5451521413525794,0.5451521413525788,0.9815815553056857,1.2952560552028654,1.2322595879454719,0.7054037886436733,1.2322595879454716,0.7054037886436733,1.2952560552028651,1.3126378565400731
123.23232323232322,227.3672872955512,0.31614281362277363,0.42781637606077827,0.42781637606077805,0.3197599496244787,1.0036943255515973,0.9995221444969115,0.5573164421071282,0.5573164421071283,1.0036943255515978,1.3173471961725929,1.2541630160125568,0.7171605184544011,1.254163016012557,0.7171605184544011,1.3173471961725927,1.334779008495206
125.25252525252526,231.0946198741668,0.3282005824475186,0.4399793727598165,0.4399793727598165,0.33168308579697714,1.0258136918368277,1.0215321044938004,0.5694690374708947,0.569469037470895,1.0258136918368275,1.3394435610208653,1.2760781494704247,0.7289172482651289,1.2760781494704247,0.7289172482651289,1.339443561020865,1.3569236011443413
127.27272727272727,234.82195245278237,0.34024957363750746,0.4521310467011967,0.45213104670119736,0.34360288316817794,1.0479393370922605,1.0435508421254456,0.5816104059831907,0.5816104059831907,1.04793933709226,1.3615449696565922,1.2980045097797626,0.7406739780758568,1.2980045097797626,0.7406739780758568,1.3615449696565922,1.379071532594775
129.2929292929293,238.549285031398,0.352290155252071,0.46427186746228494,0.46427186746228516,0.35551943970957567,1.0700709638244799,1.065577989332516,0.593741001463145,0.5937410014631451,1.0700709638244799,1.3836512499958242,1.3199416431214424,0.7524307078865844,1.3199416431214424,0.7524307078865844,1.3836512499958242,1.4012227048750114
131.31313131313132,242.2766176100136,0.36432267562732196,0.47640227892254605,0.4764022789225464,0.36743284965525713,1.0922082926610264,1.0876131977788985,0.6058612545170958,0.6058612545170956,1.0922082926610257,1.4057622375315586,1.3418891188891253,0.7641874376973125,1.3418891188891253,0.7641874376973125,1.4057622375315577,1.4233770237509642
133.33333333333331,246.00395018862918,0.3763474646408236,0.4885227009969158,0.4885227009969161,0.37934320367563173,1.1143510610204397,1.1096561375870326,0.6179715739425262,0.617971573942526,1.11435106102044,1.4278777749303149,1.3638465282853305,0.7759441675080406,1.3638465282853298,0.7759441675080406,1.4278777749303158,1.4455343985522235
135.35353535353536,249.73128276724478,0.3883648348833503,0.5006335312314694,0.5006335312314696,0.39125058904172255,1.1364990218951085,1.1317064961661403,0.6300723480362171,0.6300723480362176,1.1364990218951085,1.4499977116536331,1.3858134830132722,0.787700897318768,1.3858134830132722,0.787700897318768,1.449997711653633,1.4676947420077686
137.37373737373736,253.45861534586035,0.4003750827453074,0.5127351462738464,0.512735146273846,0.4031550897805971,1.1586519427361814,1.1537639771258161,0.6421639458137042,0.6421639458137043,1.1586519427361806,1.4721219036027235,1.4077896140574195,0.7994576271294959,1.4077896140574193,0.7994576271294959,1.4721219036027229,1.4898579700905266
139.3939393939394,257.18594792447595,0.41237848942471506,0.5248279032296371,0.524827903229637,0.4150567868224833,1.1808096044309409,1.1758282992680422,0.6542467181465703,0.6542467181465705,1.18080960443094,1.4942502127847155,1.4297745705461868,0.8112143569402238,1.4297745705461875,0.8112143569402238,1.4942502127847146,1.512024001870274
141.41414141414143,260.9132805030915,0.42437532186305177,0.536912140914832,0.5369121409148326,0.4269557581400706,1.2029718003640106,1.1978991956513405,0.6663209988236202,0.6663209988236202,1.2029718003640106,1.5163825069989896,1.4517680186907718,0.8229710867509517,1.4517680186907715,0.8229710867509517,1.5163825069989896,1.5341927593743214
143.43434343434345,264.64061308170716,0.43636583361471787,0.5489881810134318,0.5489881810134317,0.438852078880476,1.2251383355546797,1.219976412721308,0.6783871055415047,0.6783871055415047,1.2251383355546792,1.538518659542261,1.4737696407945213,0.8347278165616796,1.4737696407945216,0.8347278165616796,1.5385186595422609,1.5563641674555493
145.45454545454544,268.36794566032273,0.44835026565536845,0.5610563291484306,0.5610563291484308,0.4507458214903086,1.2473090258633583,1.2420597095022916,0.6904453408299347,0.6904453408299347,1.2473090258633588,1.560658548931123,1.4957791343277256,0.8464845463724073,1.4957791343277254,0.8464845463724073,1.5606585489311235,1.5785381536673515
147.47474747474746,272.0952782389383,0.460328847133921,0.5731168758735996,0.5731168758735994,0.4626370558342481,1.2694836972609553,1.264148856845373,0.7024959929162321,0.7024959929162323,1.2694836972609551,1.5828020586408988,1.5177962110630623,0.8582412761831353,1.5177962110630623,0.8582412761831353,1.5828020586408977,1.600714648145046
149.49494949494948,275.82261081755394,0.4723017960726285,0.5851700975927716,0.5851700975927712,0.47452584930751635,1.291662185155514,1.2862436367283008,0.7145393365335992,0.7145393365335991,1.291662185155514,1.6049490768597094,1.53982059626733,0.8699980059938636,1.5398205962673301,0.8699980059938636,1.6049490768597092,1.6228935834934135
151.51515151515153,279.5499433961695,0.4842693200192298,0.5972162574127122,0.5972162574127118,0.4864122669425987,1.3138443337710537,1.3083438416033337,0.7265756336771418,0.7265756336771418,1.3138443337710541,1.6270994962567702,1.5618520279454222,0.8817547358045915,1.561852027945422,0.8817547358045915,1.6270994962567706,1.6450748946799651
153.53535353535355,283.27727597478514,0.4962316166548724,0.609255605935079,0.6092556059350792,0.49829637151056133,1.3360299955740413,1.3304492737893254,0.7386051343113915,0.7386051343113917,1.3360299955740411,1.6492532137639562,1.5838902561328065,0.8935114656153194,1.5838902561328063,0.8935114656153194,1.6492532137639557,1.6672585189336369
155.55555555555554,287.00460855340066,0.5081888743611557,0.621288381992467,0.6212883819924673,0.5101782236172613,1.3582190307433408,1.352559744904674,0.7506280770327588,0.7506280770327588,1.358219030743341,1.6714101303698061,1.6059350422330716,0.9052681954260465,1.6059350422330716,0.9052681954260465,1.671410130369806,1.6894443956485694
157.57575757575756,290.7319411320163,0.5201412727494003,0.6333148133330684,0.633314813333068,0.5220578817947558,1.380411306679943,1.3746750753380657,0.7626446896901158,0.7626446896901158,1.3804113066799428,1.6935701509251457,1.6279861583973505,0.917024925236775,1.62798615839735,0.917024925236775,1.6935701509251462,1.71163246629271
159.59595959595958,294.4592737106319,0.5320889831549583,0.6453351172580756,0.645335117258076,0.5339354025881701,1.4026066975530413,1.3967950937541416,0.7746551899664287,0.7746551899664283,1.4026066975530413,1.7157331839595809,1.6500433869426714,0.9287816550475029,1.6500433869426714,0.9287816550475029,1.7157331839595809,1.7338226743209302
161.61616161616163,298.1866062892475,0.5440321690991855,0.6573495012155899,0.6573495012155892,0.5458108406383008,1.4248050838794575,1.4189196366315486,0.7866597859241864,0.7866597859241864,1.4248050838794568,1.7378991415081926,1.6721065198065472,0.9405383848582307,1.6721065198065481,0.9405383848582307,1.7378991415081917,1.7560149650924342
163.63636363636365,301.9139388678631,0.5559709867214413,0.6693581633544241,0.6693581633544242,0.5576842487601771,1.447006352133584,1.4410485478309267,0.7986586765171135,0.7986586765171135,1.4470063521335848,1.7600679389477711,1.6941753580352552,0.9522951146689588,1.6941753580352552,0.9522951146689588,1.760067938947771,1.7782092857921914
165.65656565656565,305.64127144647864,0.567905585183317,0.6813612930409546,0.6813612930409547,0.56955567801781,1.469210394385362,1.4631816781906855,0.810652052070502,0.8106520520705017,1.469210394385362,1.7822394948420017,1.7162497113035011,0.9640518444796864,1.7162497113035005,0.9640518444796864,1.782239494842001,1.8004055853561933
167.67676767676767,309.36860402509427,0.5798361070471098,0.6933590713418261,0.6933590713418261,0.5814251777953459,1.491417107963991,1.4853188851485255,0.8226400947323109,0.8226400947323109,1.4914171079639909,1.80441373079504,1.7383293974633247,0.975808574290414,1.7383293974633247,0.975808574290414,1.8044137307950399,1.82260381440029
169.6969696969697,313.0959366037099,0.5917626886303927,0.7053516714751352,0.7053516714751361,0.5932927958648173,1.5136263951452922,1.5074600323868785,0.8346229788970289,0.8346229788970289,1.5136263951452928,1.8265905713129709,1.7604142421202422,0.9875653041011423,1.7604142421202422,0.9875653041011423,1.8265905713129715,1.8448039251524542
171.7171717171717,316.8232691823255,0.603685460338392,0.7173392592324558,0.7173392592324563,0.6051585784506787,1.535838162860835,1.5296049895005135,0.8466008716041217,0.8466008716041219,1.5358381628608357,1.8487699436726488,1.7825040782347832,0.9993220339118701,1.7825040782347832,0.9993220339118701,1.8487699436726484,1.8670058713882265
173.73737373737376,320.5506017609411,0.6156045469757357,0.7293219933738765,0.7293219933738764,0.6170225702912998,1.5580523224271072,1.551753631684804,0.8585739329128015,0.8585739329128016,1.558052322427107,1.870951777797498,1.8045987457477382,1.0110787637225982,1.8045987457477382,1.0110787637225982,1.870951777797498,1.88920960836924
175.75757575757575,324.2779343395566,0.6275200680390326,0.7413000259980489,0.7413000259980499,0.6288848146975846,1.5802687892931422,1.5739058394431413,0.8705423162546703,0.8705423162546705,1.5802687892931415,1.8931360061398301,1.8266980912275026,1.0228354935333257,1.8266980912275028,1.0228354935333257,1.8931360061398286,1.9114150927845888
177.77777777777777,328.0052669181722,0.6394321379916117,0.7532735028890757,0.7532735028890757,0.6407453536088678,1.602487482805188,1.5960614983121957,0.8825061687657222,0.882506168765722,1.6024874828051876,1.9153225635692976,1.848801967538085,1.0345922233440539,1.848801967538085,1.0345922233440539,1.9153225635692974,1.9336222826949399
179.7979797979798,331.7325994967878,0.6513408665216522,0.7652425638418838,0.7652425638418833,0.652604227646228,1.6247083259870923,1.6182204986037896,0.8944656315990511,0.8944656315990513,1.6247083259870916,1.9375113872671246,1.87091023352639,1.0463489531547814,1.8709102335263903,1.0463489531547814,1.9375113872671252,1.955831137479213
181.8181818181818,335.4599320754034,0.66324635878485,0.7772073429676646,0.7772073429676648,0.6644614761633638,1.6469312453352118,1.640382735162226,0.906420840219535,0.9064208402195341,1.646931245335211,1.959702416625767,1.8930227537275417,1.0581056829655096,1.8930227537275413,1.0581056829655096,1.959702416625766,1.9780416177837121
183.83838383838386,339.18726465401903,0.6751487156326689,0.7891679689807641,0.789167968980763,0.6763171372951545,1.66915617062675,1.6625481071360415,0.918371924681656,0.9183719246816563,1.6691561706267513,1.9818955931536677,1.9151393980870537,1.0698624127762373,1.915139398087054,1.0698624127762373,1.9818955931536697,2.000253685473556
185.85858585858585,342.91459723263455,0.6870480338271487,0.8011245654683274,0.801124565468328,0.6881712480040302,1.6913830347405283,1.6847165177631953,0.9303190098915592,0.9303190098915592,1.691383034740529,2.004090860384867,1.9372600416987844,1.0816191425869652,1.9372600416987846,1.0816191425869652,2.004090860384868,2.0224673035863145
187.87878787878788,346.6419298112502,0.6989444062431681,0.813077251143911,0.8130772511439109,0.7000238441242543,1.713611773489243,1.7068878741688107,0.9422622158543386,0.9422622158543383,1.7136117734892442,2.026288163793108,1.9593845645576393,1.0933758723976934,1.9593845645576393,1.0933758723976934,2.026288163793108,2.0446824362877254
189.8989898989899,350.3692623898658,0.7108379220589998,0.8250261400861443,0.8250261400861448,0.7118749604042434,1.735842325462411,1.7290620871746134,0.954201657907509,0.954201657907509,1.7358423254624125,2.0484874507102466,1.981512851326104,1.1051326022084216,1.981512851326104,1.1051326022084216,2.048487450710247,2.0668990488293697
191.91919191919192,354.0965949684814,0.7227286669359215,0.8369713419634782,0.8369713419634784,0.7237246305470039,1.7580746318791733,1.751239071119325,0.9661374469415223,0.9661374469415218,1.7580746318791736,2.0706886702486926,2.0036447911137247,1.116889332019149,2.0036447911137247,1.116889332019149,2.070688670248693,2.089117107508244
193.9393939393939,357.82392754709696,0.7346167231876117,0.8489129622459427,0.8489129622459441,0.7355728872488044,1.7803086364502967,1.7734187436892686,0.9780696896081511,0.9780696896081505,1.7803086364502967,2.0928917732276444,2.0257802772687294,1.1286460618298766,2.0257802772687294,1.1286460618298766,2.092891773227643,2.111336579628076
195.95959595959596,361.55126012571253,0.7465021699399699,0.8608511024048024,0.860851102404802,0.7474197622361478,1.802544285248694,1.7956010257585453,0.9899984885174847,0.9899984885174857,1.802544285248694,2.11509671210293,2.0479192071810304,1.1404027916406048,2.0479192071810304,1.1404027916406048,2.1150967121029303,2.133557433462368
197.97979797979798,365.27859270432816,0.7583850832820009,0.8727858601008786,0.8727858601008773,0.7592652863011473,1.8247815265878475,1.817785841238149,1.0019239424242483,1.0019239424242483,1.824781526587849,2.1373034409002396,2.0700614820959014,1.1521595214513327,2.0700614820959014,1.1521595214513327,2.137303440900241,2.155779638219003
200.0,369.00592528294374,0.7702655364083149,0.8847173293623207,0.8847173293623205,0.7711094893353778,1.8470203109076249,1.8399731169334683,1.0138461464041006,1.0138461464041006,1.8470203109076253,2.1595119151515605,2.0922070069376835,1.1639162512620604,2.092207006937683,1.1639162512620604,2.15951191515156,2.178003164006405
