0.000000000000000000e+00,-1.734704885703416363e-18
2.202202202202202252e-01,2.283501064292838834e+00
4.404404404404404505e-01,4.372465841274322251e+00
6.606606606606606480e-01,6.273413180344090456e+00
8.808808808808809010e-01,7.992861930901786316e+00
1.101101101101101154e+00,9.537330942347050922e+00
1.321321321321321296e+00,1.091333906407952625e+01
1.541541541541541660e+00,1.212740514549884985e+01
1.761761761761761802e+00,1.318604803600466724e+01
1.981981981981981944e+00,1.409578658499662396e+01
2.202202202202202308e+00,1.486313964187434955e+01
2.422422422422422450e+00,1.549462605603748955e+01
2.642642642642642592e+00,1.599676467688568948e+01
2.862862862862862734e+00,1.637607435381859489e+01
3.083083083083083320e+00,1.663907393623582820e+01
3.303303303303303462e+00,1.679228227353705449e+01
3.523523523523523604e+00,1.684221821512189976e+01
3.743743743743743746e+00,1.679540061039001131e+01
3.963963963963963888e+00,1.665834830874102934e+01
4.184184184184184474e+00,1.643758015957460117e+01
4.404404404404404616e+00,1.613961501229035278e+01
4.624624624624624758e+00,1.577097171628793859e+01
4.844844844844844900e+00,1.533816912096699525e+01
5.065065065065065042e+00,1.484772607572716296e+01
5.285285285285285184e+00,1.430616142996808904e+01
5.505505505505505326e+00,1.371999403308941190e+01
5.725725725725725468e+00,1.309574273449076998e+01
5.945945945945946498e+00,1.243992638357180169e+01
6.166166166166166640e+00,1.175906382973215436e+01
6.386386386386386782e+00,1.105967392237147529e+01
6.606606606606606924e+00,1.034827551088939401e+01
6.826826826826827066e+00,9.631387444685563182e+00
7.047047047047047208e+00,8.915528573159610559e+00
7.267267267267267350e+00,8.207217745711187007e+00
7.487487487487487492e+00,7.512973811739931840e+00
7.707707707707707634e+00,6.839315620645487925e+00
7.927927927927927776e+00,6.192762021827493690e+00
8.148148148148148806e+00,5.579831864685589338e+00
8.368368368368368948e+00,5.007043998619419511e+00
8.588588588588589090e+00,4.480917273028627079e+00
8.808808808808809232e+00,4.007970537312850468e+00
9.029029029029029374e+00,3.594722640871730768e+00
9.249249249249249516e+00,3.247692433104912624e+00
9.469469469469469658e+00,2.973398763412031798e+00
9.689689689689689800e+00,2.778360481192736042e+00
9.909909909909909942e+00,2.669096435846661564e+00
1.013013013013013008e+01,2.652125476773452117e+00
1.035035035035035023e+01,2.731936439257878213e+00
1.057057057057057037e+01,2.890743470136353022e+00
1.079079079079079051e+01,3.096994734860408993e+00
1.101101101101101065e+01,3.318934668627187889e+00
1.123123123123123079e+01,3.524819790382958118e+00
1.145145145145145094e+01,3.689164906396352084e+00
1.167167167167167108e+01,3.802955789867032976e+00
1.189189189189189300e+01,3.859855802827693250e+00
1.211211211211211314e+01,3.853529439459662864e+00
1.233233233233233328e+01,3.785627143312860543e+00
1.255255255255255342e+01,3.684898448126231241e+00
1.277277277277277356e+01,3.585835517233050496e+00
1.299299299299299371e+01,3.522930513966593846e+00
1.321321321321321385e+01,3.529227460401772376e+00
1.343343343343343399e+01,3.606567604727607179e+00
1.365365365365365413e+01,3.726715639186912732e+00
1.387387387387387427e+01,3.860213453776195180e+00
1.409409409409409442e+01,3.977602938491965112e+00
1.431431431431431456e+01,4.050674589653854518e+00
1.453453453453453470e+01,4.077517431795797620e+00
1.475475475475475484e+01,4.081241236484402179e+00
1.497497497497497498e+01,4.085948626614865020e+00
1.519519519519519513e+01,4.115742225082386518e+00
1.541541541541541527e+01,4.193663301864182458e+00
1.563563563563563541e+01,4.320896612455407571e+00
1.585585585585585555e+01,4.478101933224120756e+00
1.607607607607607747e+01,4.645144324566456540e+00
1.629629629629629761e+01,4.801888846878541450e+00
1.651651651651651775e+01,4.930730392543864582e+00
1.673673673673673790e+01,5.024706935865554058e+00
1.695695695695695804e+01,5.079654866745099362e+00
1.717717717717717818e+01,5.091410587746718619e+00
1.739739739739739832e+01,5.055810501434631732e+00
1.761761761761761846e+01,4.969576223415204552e+00
1.783783783783783861e+01,4.846866104352407945e+00
1.805805805805805875e+01,4.717791010517850658e+00
1.827827827827827889e+01,4.613049440673812285e+00
1.849849849849849903e+01,4.563339893582565310e+00
1.871871871871871917e+01,4.599355405409074393e+00
1.893893893893893932e+01,4.740449468618900042e+00
1.915915915915915946e+01,4.970765073224345798e+00
1.937937937937937960e+01,5.267631153338839134e+00
1.959959959959959974e+01,5.608376643075803081e+00
1.981981981981981988e+01,5.970330476548667775e+00
2.004004004004004003e+01,6.331294110475051973e+00
2.026026026026026017e+01,6.675223706221415476e+00
2.048048048048048031e+01,6.990384766883832590e+00
2.070070070070070045e+01,7.265131483993831019e+00
2.092092092092092059e+01,7.487818049082927807e+00
2.114114114114114074e+01,7.646798653682647995e+00
2.136136136136136088e+01,7.731743195819150039e+00
2.158158158158158102e+01,7.744457679187409127e+00
2.180180180180180116e+01,7.693299474749021982e+00
2.202202202202202130e+01,7.586689808608961805e+00
2.224224224224224145e+01,7.433049906872191137e+00
2.246246246246246159e+01,7.240800995643674298e+00
2.268268268268268173e+01,7.018345783140404137e+00
2.290290290290290187e+01,6.773250594977631600e+00
2.312312312312312201e+01,6.511922609856577004e+00
2.334334334334334216e+01,6.240683772745670765e+00
2.356356356356356585e+01,5.965856028613337969e+00
2.378378378378378599e+01,5.693761322428020577e+00
2.400400400400400613e+01,5.430492127001861569e+00
2.422422422422422628e+01,5.180995323530711794e+00
2.444444444444444642e+01,4.949861016654376833e+00
2.466466466466466656e+01,4.741679195756936416e+00
2.488488488488488670e+01,4.561039850222469383e+00
2.510510510510510684e+01,4.412532969435059904e+00
2.532532532532532699e+01,4.300748542778787709e+00
2.554554554554554713e+01,4.230258821300802552e+00
2.576576576576576727e+01,4.202182714132692176e+00
2.598598598598598741e+01,4.210079924202098312e+00
2.620620620620620755e+01,4.246509544056597640e+00
2.642642642642642770e+01,4.304030666243773062e+00
2.664664664664664784e+01,4.375202383311205701e+00
2.686686686686686798e+01,4.452598031214834329e+00
2.708708708708708812e+01,4.529861226781038752e+00
2.730730730730730826e+01,4.602432086160322733e+00
2.752752752752752841e+01,4.665922540407300367e+00
2.774774774774774855e+01,4.715944520576588417e+00
2.796796796796796869e+01,4.748109957722800978e+00
2.818818818818818883e+01,4.758030782900552147e+00
2.840840840840840897e+01,4.741318927164456909e+00
2.862862862862862912e+01,4.693586321569132913e+00
2.884884884884884926e+01,4.611198412373748390e+00
2.906906906906906940e+01,4.498992841967808687e+00
2.928928928928928954e+01,4.367139733024945514e+00
2.950950950950950968e+01,4.225892275061562842e+00
2.972972972972972983e+01,4.085503657594061977e+00
2.994994994994994997e+01,3.956227070138848223e+00
3.017017017017017011e+01,3.848315702212323330e+00
3.039039039039039025e+01,3.772022743330894379e+00
3.061061061061061039e+01,3.734875352286933570e+00
3.083083083083083054e+01,3.731969675227237104e+00
3.105105105105105068e+01,3.754860399525876247e+00
3.127127127127127082e+01,3.795101953612097123e+00
3.149149149149149096e+01,3.844248765915142751e+00
3.171171171171171110e+01,3.893855264864259702e+00
3.193193193193193125e+01,3.935475878888692325e+00
3.215215215215215494e+01,3.961265331904769926e+00
3.237237237237237508e+01,3.969776769997441335e+00
3.259259259259259522e+01,3.963431652472447109e+00
3.281281281281281537e+01,3.944705186480115700e+00
3.303303303303303551e+01,3.916072579170774670e+00
3.325325325325325565e+01,3.880009037694751584e+00
3.347347347347347579e+01,3.838989769202374003e+00
3.369369369369369593e+01,3.795489980843968603e+00
3.391391391391391608e+01,3.751984879769863834e+00
3.413413413413413622e+01,3.710949673130386373e+00
3.435435435435435636e+01,3.674806602100478159e+00
3.457457457457457650e+01,3.644596063811584408e+00
3.479479479479479664e+01,3.619879088621314800e+00
3.501501501501501679e+01,3.600144207926295081e+00
3.523523523523523693e+01,3.584879953123154550e+00
3.545545545545545707e+01,3.573574855608521172e+00
3.567567567567567721e+01,3.565717446779020694e+00
3.589589589589589735e+01,3.560796258031281969e+00
3.611611611611611750e+01,3.558299820761933407e+00
3.633633633633633764e+01,3.557716666367602087e+00
3.655655655655655778e+01,3.558528372488020786e+00
3.677677677677677792e+01,3.559429328115526925e+00
3.699699699699699806e+01,3.557613410621211170e+00
3.721721721721721821e+01,3.550105986696173943e+00
3.743743743743743835e+01,3.533932423031512116e+00
3.765765765765765849e+01,3.506118086318325666e+00
3.787787787787787863e+01,3.463688343247712798e+00
3.809809809809809877e+01,3.403668560510771268e+00
3.831831831831831892e+01,3.323290951549621841e+00
3.853853853853853906e+01,3.223805602772596757e+00
3.875875875875875920e+01,3.110108052859390071e+00
3.897897897897897934e+01,2.987225982104023903e+00
3.919919919919919948e+01,2.860187070800512821e+00
3.941941941941941963e+01,2.734018999242876724e+00
3.963963963963963977e+01,2.613749447725133734e+00
3.985985985985985991e+01,2.504406096541302862e+00
4.008008008008008005e+01,2.410965461300902835e+00
4.030030030030030019e+01,2.335910578692372397e+00
4.052052052052052034e+01,2.278158946453198386e+00
4.074074074074074048e+01,2.236353851589882868e+00
4.096096096096096062e+01,2.209138581108930577e+00
4.118118118118118076e+01,2.195156422016844910e+00
4.140140140140140090e+01,2.193050661320129269e+00
4.162162162162162105e+01,2.201464586025288384e+00
4.184184184184184119e+01,2.219041483138826099e+00
4.206206206206206133e+01,2.244424639667244481e+00
4.228228228228228147e+01,2.276257342617048707e+00
4.250250250250250161e+01,2.313182878994741731e+00
4.272272272272272176e+01,2.353844535806829175e+00
4.294294294294294190e+01,2.396885600059813104e+00
4.316316316316316204e+01,2.440949358760197363e+00
4.338338338338338218e+01,2.484679098914485795e+00
4.360360360360360232e+01,2.526718107529182245e+00
4.382382382382382247e+01,2.565719414449662672e+00
4.404404404404404261e+01,2.600912727015106007e+00
4.426426426426426275e+01,2.632417093597066327e+00
4.448448448448448289e+01,2.660427540429457505e+00
4.470470470470470303e+01,2.685139093746193861e+00
4.492492492492492318e+01,2.706746779781188383e+00
4.514514514514514332e+01,2.725445624768353614e+00
4.536536536536536346e+01,2.741430654941605205e+00
4.558558558558558360e+01,2.754896896534853479e+00
4.580580580580580374e+01,2.766039375782014087e+00
4.602602602602602389e+01,2.775053118916999129e+00
4.624624624624624403e+01,2.782133152173724255e+00
4.646646646646646417e+01,2.787474501786099790e+00
4.668668668668668431e+01,2.791272193988041828e+00
4.690690690690690445e+01,2.793721255013462468e+00
4.712712712712713170e+01,2.795016711096275586e+00
4.734734734734735184e+01,2.795353588470394612e+00
4.756756756756757198e+01,2.794926913369732535e+00
4.778778778778779213e+01,2.793931712028204117e+00
4.800800800800801227e+01,2.792563010679721014e+00
4.822822822822823241e+01,2.791015835558198432e+00
4.844844844844845255e+01,2.789475759743355265e+00
4.866866866866867269e+01,2.788021372304656520e+00
4.888888888888889284e+01,2.786663596985571534e+00
4.910910910910911298e+01,2.785412289186462775e+00
4.932932932932933312e+01,2.784277304307684719e+00
4.954954954954955326e+01,2.783268497749596282e+00
4.976976976976977340e+01,2.782395724912555934e+00
4.998998998998999355e+01,2.781668841196921704e+00
5.021021021021021369e+01,2.781097702003051175e+00
5.043043043043043383e+01,2.780692162731302375e+00
5.065065065065065397e+01,2.780462078782033331e+00
5.087087087087087411e+01,2.780417305555602514e+00
5.109109109109109426e+01,2.780567698452367065e+00
5.131131131131131440e+01,2.780923021000592410e+00
5.153153153153153454e+01,2.781484509278953077e+00
5.175175175175175468e+01,2.782238074521781179e+00
5.197197197197197482e+01,2.783168028381323378e+00
5.219219219219219497e+01,2.784258682509826333e+00
5.241241241241241511e+01,2.785494348559536260e+00
5.263263263263263525e+01,2.786859338182699819e+00
5.285285285285285539e+01,2.788337963031563227e+00
5.307307307307307553e+01,2.789914534758372255e+00
5.329329329329329568e+01,2.791573365015373565e+00
5.351351351351351582e+01,2.793298765454814259e+00
5.373373373373373596e+01,2.795075047728940110e+00
5.395395395395395610e+01,2.796886523489996890e+00
5.417417417417417624e+01,2.798717504390232591e+00
5.439439439439439639e+01,2.800552302081892542e+00
5.461461461461461653e+01,2.802375228217222070e+00
5.483483483483483667e+01,2.804170594448470055e+00
5.505505505505505681e+01,2.805922712427880494e+00
5.527527527527527695e+01,2.807615893807700047e+00
5.549549549549549710e+01,2.809234450240177594e+00
5.571571571571571724e+01,2.810762693377556243e+00
5.593593593593593738e+01,2.812184934872084430e+00
5.615615615615615752e+01,2.813490300860375104e+00
5.637637637637637766e+01,2.814716071899905803e+00
5.659659659659659781e+01,2.815927247768006403e+00
5.681681681681681795e+01,2.817189160684025140e+00
5.703703703703703809e+01,2.818567142867309805e+00
5.725725725725725823e+01,2.820126526537209521e+00
5.747747747747747837e+01,2.821932643913071193e+00
5.769769769769769852e+01,2.824050827214242609e+00
5.791791791791791866e+01,2.826546408660071119e+00
5.813813813813813880e+01,2.829484720469906733e+00
5.835835835835835894e+01,2.832931094863094579e+00
5.857857857857857908e+01,2.836950864058985555e+00
5.879879879879879923e+01,2.841609360276924789e+00
5.901901901901901937e+01,2.846971915736262293e+00
5.923923923923923951e+01,2.853103862656344081e+00
5.945945945945945965e+01,2.860070533256519276e+00
5.967967967967967979e+01,2.867937259756135226e+00
5.989989989989989994e+01,2.876769374374540611e+00
6.012012012012012008e+01,2.886632209331081889e+00
6.034034034034034022e+01,2.897591096845108183e+00
6.056056056056056036e+01,2.909711369135966397e+00
6.078078078078078050e+01,2.923058358423005654e+00
6.100100100100100065e+01,2.937697396923069970e+00
6.122122122122122079e+01,2.953666809349739353e+00
6.144144144144144093e+01,2.970898353504474620e+00
6.166166166166166107e+01,2.989297506295517159e+00
6.188188188188188121e+01,3.008769744631107024e+00
6.210210210210210136e+01,3.029220545419486044e+00
6.232232232232232150e+01,3.050555385568894273e+00
6.254254254254254164e+01,3.072679741987572211e+00
6.276276276276276178e+01,3.095499091583759022e+00
6.298298298298298192e+01,3.118918911265699201e+00
6.320320320320320207e+01,3.142844677941631026e+00
6.342342342342342221e+01,3.167181868519794996e+00
6.364364364364364235e+01,3.191835959908432940e+00
6.386386386386386249e+01,3.216712429015784025e+00
6.408408408408408263e+01,3.241716752750091857e+00
6.430430430430430988e+01,3.266754408019594713e+00
6.452452452452452292e+01,3.291730871732532648e+00
6.474474474474475016e+01,3.316551620797148381e+00
6.496496496496496320e+01,3.341122132121681521e+00
6.518518518518519045e+01,3.365347882614373454e+00
6.540540540540540349e+01,3.389134349183464678e+00
6.562562562562563073e+01,3.412387008737196137e+00
6.584584584584584377e+01,3.435011338183806551e+00
6.606606606606607102e+01,3.456912958349893650e+00
6.628628628628628405e+01,3.478008625078417015e+00
6.650650650650651130e+01,3.498233968837980878e+00
6.672672672672672434e+01,3.517526448393310634e+00
6.694694694694695158e+01,3.535823522509139671e+00
6.716716716716716462e+01,3.553062649950195162e+00
6.738738738738739187e+01,3.569181289481207831e+00
6.760760760760760490e+01,3.584116899866905293e+00
6.782782782782783215e+01,3.597806939872021381e+00
6.804804804804804519e+01,3.610188868261280604e+00
6.826826826826827244e+01,3.621200143799416349e+00
6.848848848848848547e+01,3.630778225251156233e+00
6.870870870870871272e+01,3.638860571381230979e+00
6.892892892892892576e+01,3.645384640954369981e+00
6.914914914914915300e+01,3.650287892735302631e+00
6.936936936936936604e+01,3.653507785488759207e+00
6.958958958958959329e+01,3.654981777979467772e+00
6.980980980980980632e+01,3.654647328972159048e+00
7.003003003003003357e+01,3.652441984568209676e+00
7.025025025025024661e+01,3.648353483563416155e+00
7.047047047047047386e+01,3.642503755894136219e+00
7.069069069069068689e+01,3.635036918239721082e+00
7.091091091091091414e+01,3.626097087279518405e+00
7.113113113113112718e+01,3.615828379692880734e+00
7.135135135135135442e+01,3.604374912159155731e+00
7.157157157157156746e+01,3.591880801357698161e+00
7.179179179179179471e+01,3.578490163967853466e+00
7.201201201201200774e+01,3.564347116668976856e+00
7.223223223223223499e+01,3.549595776140414216e+00
7.245245245245244803e+01,3.534380259061518981e+00
7.267267267267267528e+01,3.518844682111638367e+00
7.289289289289288831e+01,3.503133161970126697e+00
7.311311311311311556e+01,3.487389815316330299e+00
7.333333333333332860e+01,3.471758758829603941e+00
7.355355355355355584e+01,3.456384109189292619e+00
7.377377377377376888e+01,3.441409983074751544e+00
7.399399399399399613e+01,3.426980497165327932e+00
7.421421421421420916e+01,3.413239768140374331e+00
7.443443443443443641e+01,3.400331912679239288e+00
7.465465465465464945e+01,3.388389134815578796e+00
7.487487487487487670e+01,3.377421629643441836e+00
7.509509509509508973e+01,3.367368053688309715e+00
7.531531531531531698e+01,3.358166155766590943e+00
7.553553553553554423e+01,3.349753684694698919e+00
7.575575575575575726e+01,3.342068389289045260e+00
7.597597597597598451e+01,3.335048018366040701e+00
7.619619619619619755e+01,3.328630320742097304e+00
7.641641641641642479e+01,3.322753045233622693e+00
7.663663663663663783e+01,3.317353940657033817e+00
7.685685685685686508e+01,3.312370755828738300e+00
7.707707707707707812e+01,3.307741239565148206e+00
7.729729729729730536e+01,3.303403140682675154e+00
7.751751751751751840e+01,3.299294207997730322e+00
7.773773773773774565e+01,3.295352190326725772e+00
7.795795795795795868e+01,3.291514836486071793e+00
7.817817817817818593e+01,3.287719895292180450e+00
7.839839839839839897e+01,3.283905115561462473e+00
7.861861861861862621e+01,3.280008246110329928e+00
7.883883883883883925e+01,3.275967035755193990e+00
7.905905905905906650e+01,3.271719233312464503e+00
7.927927927927927954e+01,3.267202587598554420e+00
7.949949949949950678e+01,3.262354847429875804e+00
7.971971971971971982e+01,3.257113761622837167e+00
7.993993993993994707e+01,3.251417078993853238e+00
8.016016016016016010e+01,3.245207260818521622e+00
8.038038038038038735e+01,3.238471048921565121e+00
8.060060060060060039e+01,3.231219446929311179e+00
8.082082082082082763e+01,3.223463706976669396e+00
8.104104104104104067e+01,3.215215081198559144e+00
8.126126126126126792e+01,3.206484821729889578e+00
8.148148148148148096e+01,3.197284180705578294e+00
8.170170170170170820e+01,3.187624410260537111e+00
8.192192192192192124e+01,3.177516762529681404e+00
8.214214214214214849e+01,3.166972489647922551e+00
8.236236236236236152e+01,3.156002843750179032e+00
8.258258258258258877e+01,3.144619076971360006e+00
8.280280280280280181e+01,3.132832441446383065e+00
8.302302302302302905e+01,3.120654189310160032e+00
8.324324324324324209e+01,3.108095572697607167e+00
8.346346346346346934e+01,3.095167843743636293e+00
8.368368368368368237e+01,3.081882254583162339e+00
8.390390390390390962e+01,3.068250057351097571e+00
8.412412412412412266e+01,3.054282504182360025e+00
8.434434434434434991e+01,3.039990847211860636e+00
8.456456456456456294e+01,3.025386338574513445e+00
8.478478478478479019e+01,3.010480230405232938e+00
8.500500500500500323e+01,2.995283774838934043e+00
8.522522522522523047e+01,2.979808224010528583e+00
8.544544544544544351e+01,2.964064830054933708e+00
8.566566566566567076e+01,2.948064845107061238e+00
8.588588588588588379e+01,2.931819521301825660e+00
8.610610610610611104e+01,2.915340110774139681e+00
8.632632632632632408e+01,2.898637865658919566e+00
8.654654654654655133e+01,2.881724038091078022e+00
8.676676676676676436e+01,2.864609880205529979e+00
8.698698698698699161e+01,2.847306644137187703e+00
8.720720720720720465e+01,2.829825582020967012e+00
8.742742742742743189e+01,2.812177945991780170e+00
8.764764764764764493e+01,2.794376407351091274e+00
8.786786786786787218e+01,2.776449910471875615e+00
8.808808808808808521e+01,2.758437792743832162e+00
8.830830830830831246e+01,2.740379560084365451e+00
8.852852852852852550e+01,2.722314718410887568e+00
8.874874874874875275e+01,2.704282773640803494e+00
8.896896896896896578e+01,2.686323231691524427e+00
8.918918918918919303e+01,2.668475598480455790e+00
8.940940940940940607e+01,2.650779379925007895e+00
8.962962962962963331e+01,2.633274081942586609e+00
8.984984984984984635e+01,2.615999210450603574e+00
9.007007007007007360e+01,2.598994271366463327e+00
9.029029029029028663e+01,2.582298770607577509e+00
9.051051051051051388e+01,2.565952214091351546e+00
9.073073073073072692e+01,2.549994107735194859e+00
9.095095095095095417e+01,2.534463957456515093e+00
9.117117117117116720e+01,2.519401269172721669e+00
9.139139139139139445e+01,2.504845548801220900e+00
9.161161161161160749e+01,2.490836302259423540e+00
9.183183183183183473e+01,2.477413035464735458e+00
9.205205205205204777e+01,2.464615254334566519e+00
9.227227227227227502e+01,2.452481586179342532e+00
9.249249249249248805e+01,2.441034863555747059e+00
9.271271271271271530e+01,2.430284245244632046e+00
9.293293293293292834e+01,2.420238438382352975e+00
9.315315315315315559e+01,2.410906150105264434e+00
9.337337337337336862e+01,2.402296087549721015e+00
9.359359359359359587e+01,2.394416957852075978e+00
9.381381381381380891e+01,2.387277468148685244e+00
9.403403403403403615e+01,2.380886325575902074e+00
9.425425425425426340e+01,2.375252237270081501e+00
9.447447447447447644e+01,2.370383910367577673e+00
9.469469469469470368e+01,2.366290052004745181e+00
9.491491491491491672e+01,2.362979369317938616e+00
9.513513513513514397e+01,2.360460569443511236e+00
9.535535535535535701e+01,2.358742359517819409e+00
9.557557557557558425e+01,2.357833446677215505e+00
9.579579579579579729e+01,2.357742538058055448e+00
9.601601601601602454e+01,2.358478340796694273e+00
9.623623623623623757e+01,2.360049562029483461e+00
9.645645645645646482e+01,2.362464908892780269e+00
9.667667667667667786e+01,2.365733088522938399e+00
9.689689689689690510e+01,2.369862808056311554e+00
9.711711711711711814e+01,2.374862774629253881e+00
9.733733733733734539e+01,2.380741695378122191e+00
9.755755755755755843e+01,2.387508277439268412e+00
9.777777777777778567e+01,2.395171227949047577e+00
9.799799799799799871e+01,2.403739254043813833e+00
9.821821821821822596e+01,2.413221062859923105e+00
9.843843843843843899e+01,2.423625361533729539e+00
9.865865865865866624e+01,2.434968448070253366e+00
9.887887887887887928e+01,2.447339628621514329e+00
9.909909909909910652e+01,2.460868960070054623e+00
9.931931931931931956e+01,2.475686942732449047e+00
9.953953953953954681e+01,2.491924076925274623e+00
9.975975975975975985e+01,2.509710862965108369e+00
9.997997997997998709e+01,2.529177801168525530e+00
1.002002002002002001e+02,2.550455391852101794e+00
1.004204204204204274e+02,2.573674135332418178e+00
1.006406406406406404e+02,2.598964531926044597e+00
1.008608608608608677e+02,2.626457081949563843e+00
1.010810810810810807e+02,2.656282285719546721e+00
1.013013013013013079e+02,2.688570643552575579e+00
1.015215215215215210e+02,2.723452655765221664e+00
1.017417417417417482e+02,2.761058822674064661e+00
1.019619619619619613e+02,2.801519644595678482e+00
1.021821821821821885e+02,2.844965621846643256e+00
1.024024024024024015e+02,2.891527254743530229e+00
1.026226226226226288e+02,2.941335043602923083e+00
1.028428428428428418e+02,2.994519488741390401e+00
1.030630630630630691e+02,3.051206743748464678e+00
1.032832832832832821e+02,3.111146345668726720e+00
1.035035035035035094e+02,3.173425461648428314e+00
1.037237237237237224e+02,3.237063986006742500e+00
1.039439439439439496e+02,3.301081813062860970e+00
1.041641641641641627e+02,3.364498837135958098e+00
1.043843843843843899e+02,3.426334952545228241e+00
1.046046046046046030e+02,3.485610053609843995e+00
1.048248248248248302e+02,3.541344034648998829e+00
1.050450450450450433e+02,3.592556789981867560e+00
1.052652652652652705e+02,3.638268213927639660e+00
1.054854854854854835e+02,3.677498200805492612e+00
1.057057057057057108e+02,3.709266644934615886e+00
1.059259259259259238e+02,3.732593440634188298e+00
1.061461461461461511e+02,3.746579691531620515e+00
1.063663663663663641e+02,3.751281017339473500e+00
1.065865865865865914e+02,3.747373857053348356e+00
1.068068068068068044e+02,3.735545223744245025e+00
1.070270270270270316e+02,3.716482130483159896e+00
1.072472472472472447e+02,3.690871590341096464e+00
1.074674674674674719e+02,3.659400616389049787e+00
1.076876876876876850e+02,3.622756221698022028e+00
1.079079079079079122e+02,3.581625419339010463e+00
1.081281281281281252e+02,3.536695222383015924e+00
1.083483483483483525e+02,3.488652643901035244e+00
1.085685685685685655e+02,3.438184696964071030e+00
1.087887887887887928e+02,3.385978394643117451e+00
1.090090090090090058e+02,3.332720750009180222e+00
1.092292292292292331e+02,3.279098776133250848e+00
1.094494494494494461e+02,3.225799486086336376e+00
1.096696696696696733e+02,3.173509892939428756e+00
1.098898898898898864e+02,3.122917009763533702e+00
1.101101101101101136e+02,3.074693483295020791e+00
1.103303303303303267e+02,3.029181534573936130e+00
1.105505505505505539e+02,2.986392958943978382e+00
1.107707707707707669e+02,2.946325185414233605e+00
1.109909909909909942e+02,2.908975642993777200e+00
1.112112112112112072e+02,2.874341760691696113e+00
1.114314314314314345e+02,2.842420967517063524e+00
1.116516516516516475e+02,2.813210692478968156e+00
1.118718718718718748e+02,2.786708364586485409e+00
1.120920920920920878e+02,2.762911412848700010e+00
1.123123123123123150e+02,2.741817266274688247e+00
1.125325325325325281e+02,2.723423353873535735e+00
1.127527527527527553e+02,2.707727104654319206e+00
1.129729729729729826e+02,2.694725947626123386e+00
1.131931931931931956e+02,2.684417311798026340e+00
1.134134134134134229e+02,2.676798626179109242e+00
1.136336336336336359e+02,2.671857348924191022e+00
1.138538538538538631e+02,2.669435700119976662e+00
1.140740740740740762e+02,2.669266084396197503e+00
1.142942942942943034e+02,2.671078194087768143e+00
1.145145145145145165e+02,2.674601721529604514e+00
1.147347347347347437e+02,2.679566359056622549e+00
1.149549549549549567e+02,2.685701799003737733e+00
1.151751751751751840e+02,2.692737733705866443e+00
1.153953953953953970e+02,2.700403855497922390e+00
1.156156156156156243e+02,2.708429856714822392e+00
1.158358358358358373e+02,2.716545429691481495e+00
1.160560560560560646e+02,2.724480266762815628e+00
1.162762762762762776e+02,2.731964060263740723e+00
1.164964964964965048e+02,2.738726502529171825e+00
1.167167167167167179e+02,2.744497285894024863e+00
1.169369369369369451e+02,2.749006102693215325e+00
1.171571571571571582e+02,2.751982645261658700e+00
1.173773773773773854e+02,2.753168142095775650e+00
1.175975975975975985e+02,2.752492107871934657e+00
1.178178178178178257e+02,2.750037458153065550e+00
1.180380380380380387e+02,2.745891575643597093e+00
1.182582582582582660e+02,2.740141843047958492e+00
1.184784784784784790e+02,2.732875643070581173e+00
1.186986986986987063e+02,2.724180358415891678e+00
1.189189189189189193e+02,2.714143371788323211e+00
1.191391391391391466e+02,2.702852065892301425e+00
1.193593593593593596e+02,2.690393823432259524e+00
1.195795795795795868e+02,2.676856027112624492e+00
1.197997997997997999e+02,2.662326059637829090e+00
1.200200200200200271e+02,2.646891303712298527e+00
1.202402402402402402e+02,2.630639142040466005e+00
1.204604604604604674e+02,2.613656957326758512e+00
1.206806806806806804e+02,2.596032132275607918e+00
1.209009009009009077e+02,2.577852049591442096e+00
1.211211211211211207e+02,2.559202764181605971e+00
1.213413413413413480e+02,2.540145922830745917e+00
1.215615615615615610e+02,2.520721750996067101e+00
1.217817817817817883e+02,2.500969746889031509e+00
1.220020020020020013e+02,2.480929408721106899e+00
1.222222222222222285e+02,2.460640234703757034e+00
1.224424424424424416e+02,2.440141723048450118e+00
1.226626626626626688e+02,2.419473371966646358e+00
1.228828828828828819e+02,2.398674679669815291e+00
1.231031031031031091e+02,2.377785144369420678e+00
1.233233233233233221e+02,2.356844264276928502e+00
1.235435435435435494e+02,2.335891537603802526e+00
1.237637637637637624e+02,2.314966462561510507e+00
1.239839839839839897e+02,2.294108537361514433e+00
1.242042042042042027e+02,2.273357260215283393e+00
1.244244244244244300e+02,2.252752129334279374e+00
1.246446446446446430e+02,2.232332642929970135e+00
1.248648648648648702e+02,2.212138299213818993e+00
1.250850850850850833e+02,2.192208596397293263e+00
1.253053053053053105e+02,2.172581882362221606e+00
1.255255255255255236e+02,2.153281156420702835e+00
1.257457457457457508e+02,2.134318488623457188e+00
1.259659659659659638e+02,2.115705714627576395e+00
1.261861861861861911e+02,2.097454670090147300e+00
1.264064064064064041e+02,2.079577190668260744e+00
1.266266266266266314e+02,2.062085112019003130e+00
1.268468468468468444e+02,2.044990269799466187e+00
1.270670670670670717e+02,2.028304499666734984e+00
1.272872872872872847e+02,2.012039637277902138e+00
1.275075075075075119e+02,1.996207518290053384e+00
1.277277277277277250e+02,1.980819978360280897e+00
1.279479479479479522e+02,1.965888853145669302e+00
1.281681681681681653e+02,1.951425978303311215e+00
1.283883883883883925e+02,1.937443189490293260e+00
1.286086086086086198e+02,1.923952322363703615e+00
1.288288288288288186e+02,1.910965212580635120e+00
1.290490490490490458e+02,1.898493695798172176e+00
1.292692692692692731e+02,1.886549607673405182e+00
1.294894894894895003e+02,1.875144783863422981e+00
1.297097097097096992e+02,1.864291060025315527e+00
1.299299299299299264e+02,1.854000271816169665e+00
1.301501501501501536e+02,1.844284254893074904e+00
1.303703703703703809e+02,1.835154844913120087e+00
1.305905905905905797e+02,1.826623877533396056e+00
1.308108108108108070e+02,1.818703188410987881e+00
1.310310310310310342e+02,1.811404613202986624e+00
1.312512512512512615e+02,1.804739987566480686e+00
1.314714714714714603e+02,1.798721147158560019e+00
1.316916916916916875e+02,1.793359927636312134e+00
1.319119119119119148e+02,1.788668164656825432e+00
1.321321321321321420e+02,1.784654593407195344e+00
1.323523523523523693e+02,1.781281556856827653e+00
1.325725725725725681e+02,1.778475685154085717e+00
1.327927927927927954e+02,1.776162689789556159e+00
1.330130130130130226e+02,1.774268282253825157e+00
1.332332332332332498e+02,1.772718174037480665e+00
1.334534534534534487e+02,1.771438076631109304e+00
1.336736736736736759e+02,1.770353701525297474e+00
1.338938938938939032e+02,1.769390760210632241e+00
1.341141141141141304e+02,1.768474964177701336e+00
1.343343343343343292e+02,1.767532024917091604e+00
1.345545545545545565e+02,1.766487653919388556e+00
1.347747747747747837e+02,1.765267562675180812e+00
1.349949949949950110e+02,1.763797462675053662e+00
1.352152152152152098e+02,1.762003065409595948e+00
1.354354354354354371e+02,1.759810082369393180e+00
1.356556556556556643e+02,1.757144225045032648e+00
1.358758758758758916e+02,1.753931204927101195e+00
1.360960960960960904e+02,1.750096733506186109e+00
1.363163163163163176e+02,1.745566522272874010e+00
1.365365365365365449e+02,1.740266431814108339e+00
1.367567567567567721e+02,1.734173469205086748e+00
1.369769769769769709e+02,1.727390288801329277e+00
1.371971971971971982e+02,1.720038490047018476e+00
1.374174174174174254e+02,1.712239672386339118e+00
1.376376376376376527e+02,1.704115435263477085e+00
1.378578578578578515e+02,1.695787378122617373e+00
1.380780780780780788e+02,1.687377100407942532e+00
1.382982982982983060e+02,1.679006201563638889e+00
1.385185185185185333e+02,1.670796281033890551e+00
1.387387387387387321e+02,1.662868938262882068e+00
1.389589589589589593e+02,1.655345772694797546e+00
1.391791791791791866e+02,1.648336084941334434e+00
1.393993993993994138e+02,1.641862156400251349e+00
1.396196196196196126e+02,1.635908733199451071e+00
1.398398398398398399e+02,1.630460413672983000e+00
1.400600600600600671e+02,1.625501796154899870e+00
1.402802802802802944e+02,1.621017478979253079e+00
1.405005005005004932e+02,1.616992060480093807e+00
1.407207207207207205e+02,1.613410138991472120e+00
1.409409409409409477e+02,1.610256312847440752e+00
1.411611611611611750e+02,1.607515180382050657e+00
1.413813813813813738e+02,1.605171339929352348e+00
1.416016016016016010e+02,1.603209389823398778e+00
1.418218218218218283e+02,1.601613928398239572e+00
1.420420420420420555e+02,1.600369553987926796e+00
1.422622622622622544e+02,1.599460864926511849e+00
1.424824824824824816e+02,1.598872459548046354e+00
1.427027027027027088e+02,1.598588936186580822e+00
1.429229229229229361e+02,1.598594893176166654e+00
1.431431431431431349e+02,1.598874928850855692e+00
1.433633633633633622e+02,1.599413641544698894e+00
1.435835835835835894e+02,1.600195629591747881e+00
1.438038038038038167e+02,1.601205491326053831e+00
1.440240240240240155e+02,1.602427824403309220e+00
1.442442442442442427e+02,1.603846516348077955e+00
1.444644644644644700e+02,1.605443399925331915e+00
1.446846846846846972e+02,1.607199938417796847e+00
1.449049049049048961e+02,1.609097595108197165e+00
1.451251251251251233e+02,1.611117833279259060e+00
1.453453453453453506e+02,1.613242116213707611e+00
1.455655655655655778e+02,1.615451907194266790e+00
1.457857857857857766e+02,1.617728669503663452e+00
1.460060060060060039e+02,1.620053866424621347e+00
1.462262262262262311e+02,1.622408961239866887e+00
1.464464464464464584e+02,1.624775417232125152e+00
1.466666666666666572e+02,1.627134697684119891e+00
1.468868868868868844e+02,1.629468265878577959e+00
1.471071071071071117e+02,1.631757585098224439e+00
1.473273273273273389e+02,1.633984118625783744e+00
1.475475475475475378e+02,1.636129329743981398e+00
1.477677677677677650e+02,1.638174681735542704e+00
1.479879879879879923e+02,1.640101637883192742e+00
1.482082082082082195e+02,1.641891661469656816e+00
1.484284284284284183e+02,1.643526215777660227e+00
1.486486486486486456e+02,1.644986764089927833e+00
1.488688688688688728e+02,1.646254769689185826e+00
1.490890890890891001e+02,1.647311984185595213e+00
1.493093093093092989e+02,1.648151072659433725e+00
1.495295295295295261e+02,1.648778708689174088e+00
1.497497497497497534e+02,1.649202485306932475e+00
1.499699699699699806e+02,1.649429995544826610e+00
1.501901901901901795e+02,1.649468832434973109e+00
1.504104104104104067e+02,1.649326589009487698e+00
1.506306306306306340e+02,1.649010858300488325e+00
1.508508508508508612e+02,1.648529233340091160e+00
1.510710710710710885e+02,1.647889307160413486e+00
1.512912912912912873e+02,1.647098672793571694e+00
1.515115115115115145e+02,1.646164923271683067e+00
1.517317317317317418e+02,1.645095651626863553e+00
1.519519519519519690e+02,1.643898450891231100e+00
1.521721721721721678e+02,1.642580914096901878e+00
1.523923923923923951e+02,1.641150634275992282e+00
1.526126126126126223e+02,1.639615204460619369e+00
1.528328328328328496e+02,1.637982217682900643e+00
1.530530530530530484e+02,1.636259266974952498e+00
1.532732732732732757e+02,1.634453945368890881e+00
1.534934934934935029e+02,1.632573845896833964e+00
1.537137137137137302e+02,1.630626561590897250e+00
1.539339339339339290e+02,1.628619685483199353e+00
1.541541541541541562e+02,1.626560810605854890e+00
1.543743743743743835e+02,1.624457529990982030e+00
1.545945945945946107e+02,1.622317436670696722e+00
1.548148148148148096e+02,1.620148123677117136e+00
1.550350350350350368e+02,1.617957184042358998e+00
1.552552552552552640e+02,1.615752210798538924e+00
1.554754754754754913e+02,1.613540796977774638e+00
1.556956956956956901e+02,1.611330535612182313e+00
1.559159159159159174e+02,1.609129019733878563e+00
1.561361361361361446e+02,1.606943842374980447e+00
1.563563563563563719e+02,1.604782596567605024e+00
1.565765765765765707e+02,1.602652875343869132e+00
1.567967967967967979e+02,1.600562271735888942e+00
1.570170170170170252e+02,1.598518378775781290e+00
1.572372372372372524e+02,1.596528789495663680e+00
1.574574574574574513e+02,1.594600814990568827e+00
1.576776776776776785e+02,1.592736874575349626e+00
1.578978978978979058e+02,1.590935244837693663e+00
1.581181181181181330e+02,1.589194071537243458e+00
1.583383383383383318e+02,1.587511500433642642e+00
1.585585585585585591e+02,1.585885677286533291e+00
1.587787787787787863e+02,1.584314747855559702e+00
1.589989989989990136e+02,1.582796857900364174e+00
1.592192192192192124e+02,1.581330153180590115e+00
1.594394394394394396e+02,1.579912779455880489e+00
1.596596596596596669e+02,1.578542882485878041e+00
1.598798798798798941e+02,1.577218608030226177e+00
1.601001001001000930e+02,1.575938101848567863e+00
1.603203203203203202e+02,1.574699509700546729e+00
1.605405405405405475e+02,1.573500977345804852e+00
1.607607607607607747e+02,1.572340650543985863e+00
1.609809809809809735e+02,1.571216675054732947e+00
1.612012012012012008e+02,1.570127196637688627e+00
1.614214214214214280e+02,1.569070361052495866e+00
1.616416416416416553e+02,1.568044314058798738e+00
1.618618618618618541e+02,1.567047201416239544e+00
1.620820820820820813e+02,1.566077168884461468e+00
1.623023023023023086e+02,1.565132362223107476e+00
1.625225225225225358e+02,1.564210927191821199e+00
1.627427427427427347e+02,1.563311009550244934e+00
1.629629629629629619e+02,1.562430755058021870e+00
1.631831831831831892e+02,1.561568309474795635e+00
1.634034034034034164e+02,1.560721818560208751e+00
1.636236236236236152e+02,1.559889428073903961e+00
1.638438438438438425e+02,1.559069283775525117e+00
1.640640640640640697e+02,1.558259531424715183e+00
1.642842842842842970e+02,1.557458316781116681e+00
1.645045045045044958e+02,1.556663785604373684e+00
1.647247247247247230e+02,1.555874083654127826e+00
1.649449449449449503e+02,1.555087356690023626e+00
1.651651651651651775e+02,1.554301750471703158e+00
1.653853853853853764e+02,1.553515410758809612e+00
1.656056056056056036e+02,1.552726483310986172e+00
1.658258258258258309e+02,1.551933113887876026e+00
1.660460460460460581e+02,1.551133448249122360e+00
1.662662662662662569e+02,1.550325632154367694e+00
1.664864864864864842e+02,1.549507811363255216e+00
1.667067067067067114e+02,1.548678131635429001e+00
1.669269269269269387e+02,1.547834738730530901e+00
1.671471471471471375e+02,1.546975778408204105e+00
1.673673673673673647e+02,1.546099396428091799e+00
1.675875875875875920e+02,1.545203738549837835e+00
1.678078078078078192e+02,1.544286950533084068e+00
1.680280280280280181e+02,1.543347178137474351e+00
1.682482482482482453e+02,1.542382567122651871e+00
1.684684684684684726e+02,1.541391263248258925e+00
1.686886886886886998e+02,1.540371412273939145e+00
1.689089089089088986e+02,1.539321159959335494e+00
1.691291291291291259e+02,1.538238652064090495e+00
1.693493493493493531e+02,1.537122034347848443e+00
1.695695695695695804e+02,1.535969452570250970e+00
1.697897897897898076e+02,1.534779052490942375e+00
1.700100100100100065e+02,1.533548979898309739e+00
1.702302302302302337e+02,1.532277730208907895e+00
1.704504504504504609e+02,1.530965019447757092e+00
1.706706706706706882e+02,1.529610829849401332e+00
1.708908908908908870e+02,1.528215143648386176e+00
1.711111111111111143e+02,1.526777943079255406e+00
1.713313313313313415e+02,1.525299210376554582e+00
1.715515515515515688e+02,1.523778927774827485e+00
1.717717717717717676e+02,1.522217077508619454e+00
1.719919919919919948e+02,1.520613641812473604e+00
1.722122122122122221e+02,1.518968602920936384e+00
1.724324324324324493e+02,1.517281943068551353e+00
1.726526526526526482e+02,1.515553644489863627e+00
1.728728728728728754e+02,1.513783689419417433e+00
1.730930930930931027e+02,1.511972060091757664e+00
1.733133133133133299e+02,1.510118738741428324e+00
1.735335335335335287e+02,1.508223707602975416e+00
1.737537537537537560e+02,1.506286948910942280e+00
1.739739739739739832e+02,1.504308444899873365e+00
1.741941941941942105e+02,1.502288177804314451e+00
1.744144144144144093e+02,1.500226129858809321e+00
1.746346346346346365e+02,1.498122283297902646e+00
1.748548548548548638e+02,1.495976620356139319e+00
1.750750750750750910e+02,1.493789123268063790e+00
1.752952952952952899e+02,1.491559774268220506e+00
1.755155155155155171e+02,1.489288555591154362e+00
1.757357357357357444e+02,1.486975449471410249e+00
1.759559559559559716e+02,1.484620438143531951e+00
1.761761761761761704e+02,1.482223503842065027e+00
1.763963963963963977e+02,1.479784628801553037e+00
1.766166166166166249e+02,1.477303795256540875e+00
1.768368368368368522e+02,1.474780985441574099e+00
1.770570570570570510e+02,1.472216181591196493e+00
1.772772772772772782e+02,1.469609365939952950e+00
1.774974974974975055e+02,1.466960520722387695e+00
1.777177177177177327e+02,1.464269628173045623e+00
1.779379379379379316e+02,1.461536670526472070e+00
1.781581581581581588e+02,1.458761630017210154e+00
1.783783783783783861e+02,1.455944488879804988e+00
1.785985985985986133e+02,1.453085229348802132e+00
1.788188188188188121e+02,1.450183833658744925e+00
1.790390390390390394e+02,1.447240284044178926e+00
1.792592592592592666e+02,1.444254562739648140e+00
1.794794794794794939e+02,1.441226651979697682e+00
1.796996996996996927e+02,1.438156533998872222e+00
1.799199199199199199e+02,1.435044191031715100e+00
1.801401401401401472e+02,1.431889605312772318e+00
1.803603603603603744e+02,1.428692759076588548e+00
1.805805805805805733e+02,1.425453634557707350e+00
1.808008008008008005e+02,1.422172213990674283e+00
1.810210210210210278e+02,1.418848479610033131e+00
1.812412412412412550e+02,1.415482413650329008e+00
1.814614614614614538e+02,1.412073998346107029e+00
1.816816816816816811e+02,1.408623215931910977e+00
1.819019019019019083e+02,1.405130048642285301e+00
1.821221221221221356e+02,1.401594478711775116e+00
1.823423423423423344e+02,1.398016488374925537e+00
1.825625625625625617e+02,1.394396059866280346e+00
1.827827827827827889e+02,1.390733175420384216e+00
1.830030030030030161e+02,1.387027817271781815e+00
1.832232232232232150e+02,1.383279967655018483e+00
1.834434434434434422e+02,1.379489608804638223e+00
1.836636636636636695e+02,1.375656722955185485e+00
1.838838838838838967e+02,1.371781292341204495e+00
1.841041041041040955e+02,1.367863299197241256e+00
1.843243243243243228e+02,1.363902725757839107e+00
1.845445445445445500e+02,1.359899554257543164e+00
1.847647647647647773e+02,1.355853766930897875e+00
1.849849849849849761e+02,1.351765346012448799e+00
1.852052052052052034e+02,1.347634273736738830e+00
1.854254254254254306e+02,1.343460532338313751e+00
1.856456456456456579e+02,1.339244104051717787e+00
1.858658658658658567e+02,1.334984971111496277e+00
1.860860860860860839e+02,1.330683115752192558e+00
1.863063063063063112e+02,1.326338520208351968e+00
1.865265265265265384e+02,1.321951166714518955e+00
1.867467467467467372e+02,1.317521037505239079e+00
1.869669669669669645e+02,1.313048114815055012e+00
1.871871871871871917e+02,1.308532380878512758e+00
1.874074074074074190e+02,1.303973817930156542e+00
1.876276276276276178e+02,1.299372408204531926e+00
1.878478478478478451e+02,1.294728133936182024e+00
1.880680680680680723e+02,1.290040986866063832e+00
1.882882882882882996e+02,1.285311642925919928e+00
1.885085085085085268e+02,1.280541909740102069e+00
1.887287287287287256e+02,1.275733701107571116e+00
1.889489489489489529e+02,1.270888930827286156e+00
1.891691691691691801e+02,1.266009512698208050e+00
1.893893893893894074e+02,1.261097360519296995e+00
1.896096096096096062e+02,1.256154388089514740e+00
1.898298298298298334e+02,1.251182509207818594e+00
1.900500500500500607e+02,1.246183637673170752e+00
1.902702702702702879e+02,1.241159687284531854e+00
1.904904904904904868e+02,1.236112571840861429e+00
1.907107107107107140e+02,1.231044205141119230e+00
1.909309309309309413e+02,1.225956500984266118e+00
1.911511511511511685e+02,1.220851373169262288e+00
1.913713713713713673e+02,1.215730735495069048e+00
1.915915915915915946e+02,1.210596501760645038e+00
1.918118118118118218e+02,1.205450585764951343e+00
1.920320320320320491e+02,1.200294901306947493e+00
1.922522522522522479e+02,1.195131362185595680e+00
1.924724724724724751e+02,1.189961882199853882e+00
1.926926926926927024e+02,1.184788375148683848e+00
1.929129129129129296e+02,1.179612754831044885e+00
1.931331331331331285e+02,1.174436935045898522e+00
1.933533533533533557e+02,1.169262829592203623e+00
1.935735735735735830e+02,1.164092352268921493e+00
1.937937937937938102e+02,1.158927416875012106e+00
1.940140140140140090e+02,1.153769937209435659e+00
1.942342342342342363e+02,1.148621827071151902e+00
1.944544544544544635e+02,1.143485000259122142e+00
1.946746746746746908e+02,1.138361370572305908e+00
1.948948948948948896e+02,1.133252851809664286e+00
1.951151151151151169e+02,1.128161357770156803e+00
1.953353353353353441e+02,1.123088802252743434e+00
1.955555555555555713e+02,1.118037099056385042e+00
1.957757757757757702e+02,1.113008161980042265e+00
1.959959959959959974e+02,1.108003904822674635e+00
1.962162162162162247e+02,1.103026241383242789e+00
1.964364364364364519e+02,1.098077085460706703e+00
1.966566566566566507e+02,1.093158350854027683e+00
1.968768768768768780e+02,1.088271951362164369e+00
1.970970970970971052e+02,1.083419800784078069e+00
1.973173173173173325e+02,1.078603812918728755e+00
1.975375375375375313e+02,1.073825901565077512e+00
1.977577577577577586e+02,1.069087980522083203e+00
1.979779779779779858e+02,1.064391963588707135e+00
1.981981981981982130e+02,1.059739764563908837e+00
1.984184184184184119e+02,1.055133297246649393e+00
1.986386386386386391e+02,1.050574475435888777e+00
1.988588588588588664e+02,1.046065212930586963e+00
1.990790790790790936e+02,1.041607423529704368e+00
1.992992992992992924e+02,1.037203021032201855e+00
1.995195195195195197e+02,1.032853919237038731e+00
1.997397397397397469e+02,1.028562031943175858e+00
1.999599599599599742e+02,1.024329272949572989e+00
2.001801801801801730e+02,1.020157556055191428e+00
2.004004004004004003e+02,1.016048795058990706e+00
2.006206206206206275e+02,1.012004903759931018e+00
2.008408408408408548e+02,1.008027795956972783e+00
2.010610610610610536e+02,1.004119385449076862e+00
2.012812812812812808e+02,1.000281586035202563e+00
2.015015015015015081e+02,9.965163115143105266e-01
2.017217217217217353e+02,9.928254756853611696e-01
2.019419419419419341e+02,9.892109923473151323e-01
2.021621621621621614e+02,9.856747752991318334e-01
2.023823823823823886e+02,9.822187383397719129e-01
2.026026026026026159e+02,9.788447952681956776e-01
2.028228228228228147e+02,9.755548598833638785e-01
2.030430430430430420e+02,9.723508459842358231e-01
2.032632632632632692e+02,9.692346673697727066e-01
2.034834834834834965e+02,9.662082378389342807e-01
2.037037037037036953e+02,9.632734711906811853e-01
2.039239239239239225e+02,9.604322812239730611e-01
2.041441441441441498e+02,9.576865817377704371e-01
2.043643643643643770e+02,9.550382865310340641e-01
2.045845845845845759e+02,9.524893094027241380e-01
2.048048048048048031e+02,9.500415641518002996e-01
2.050250250250250303e+02,9.476969645772234108e-01
2.052452452452452576e+02,9.454574244779534453e-01
2.054654654654654564e+02,9.433248576529507101e-01
2.056856856856856837e+02,9.413011779011757341e-01
2.059059059059059109e+02,9.393882990215884909e-01
2.061261261261261382e+02,9.375881348131493986e-01
2.063463463463463370e+02,9.359025990748188750e-01
2.065665665665665642e+02,9.343336056055567829e-01
2.067867867867867915e+02,9.328830682043236511e-01
2.070070070070070187e+02,9.315529006700800085e-01
2.072272272272272460e+02,9.303450168017857180e-01
2.074474474474474448e+02,9.292613303984014195e-01
2.076676676676676720e+02,9.283037552588868646e-01
2.078878878878878993e+02,9.274742051822026934e-01
2.081081081081081265e+02,9.267745939673091016e-01
2.083283283283283254e+02,9.262068354131666181e-01
2.085485485485485526e+02,9.257728433187352168e-01
2.087687687687687799e+02,9.254745314829753156e-01
2.089889889889890071e+02,9.253138137048471101e-01
2.092092092092092059e+02,9.252926037833107964e-01
2.094294294294294332e+02,9.254128155173266812e-01
2.096496496496496604e+02,9.256763627058554045e-01
2.098698698698698877e+02,9.260851591478569400e-01
2.100900900900900865e+02,9.266411186422913726e-01
2.103103103103103138e+02,9.273461549881191202e-01
2.105305305305305410e+02,9.282021819843007115e-01
2.107507507507507682e+02,9.292111134297960096e-01
2.109709709709709671e+02,9.303748631235655431e-01
2.111911911911911943e+02,9.316953448645698410e-01
2.114114114114114216e+02,9.331744724517687661e-01
2.116316316316316488e+02,9.348141596841226253e-01
2.118518518518518476e+02,9.366163203605917253e-01
2.120720720720720749e+02,9.385828682801364842e-01
2.122922922922923021e+02,9.407157172417174307e-01
2.125125125125125294e+02,9.430167810442939835e-01
2.127327327327327282e+02,9.454879734868272267e-01
2.129529529529529555e+02,9.481312083682771341e-01
2.131731731731731827e+02,9.509483994876039015e-01
2.133933933933934100e+02,9.539414606437682798e-01
2.136136136136136088e+02,9.571123056357294656e-01
2.138338338338338360e+02,9.604628482624490982e-01
2.140540540540540633e+02,9.639950023228863740e-01
2.142742742742742905e+02,9.677106816160023772e-01
2.144944944944944893e+02,9.716117999407564154e-01
2.147147147147147166e+02,9.757002710961100167e-01
2.149349349349349438e+02,9.799780088810225998e-01
2.151551551551551711e+02,9.844469270944544714e-01
2.153753753753753699e+02,9.891089395353658276e-01
2.155955955955955972e+02,9.939659600027174191e-01
2.158158158158158244e+02,9.990199022954694419e-01
2.160360360360360517e+02,1.004272680212582314e+00
2.162562562562562505e+02,1.009726207553014898e+00
2.164764764764764777e+02,1.015382398115729501e+00
2.166966966966967050e+02,1.021243165699685207e+00
2.169169169169169322e+02,1.027310424103842879e+00
2.171371371371371310e+02,1.033586087127161601e+00
2.173573573573573583e+02,1.040072068568603569e+00
2.175775775775775855e+02,1.046770282227127646e+00
2.177977977977978128e+02,1.053682641901694472e+00
2.180180180180180116e+02,1.060811061391264021e+00
2.182382382382382389e+02,1.068157454494797154e+00
2.184584584584584661e+02,1.075723735011254067e+00
2.186786786786786934e+02,1.083511816739594735e+00
2.188988988988988922e+02,1.091523613478778687e+00
2.191191191191191194e+02,1.099761039027768117e+00
2.193393393393393467e+02,1.108226007185522111e+00
2.195595595595595739e+02,1.116920431751001086e+00
2.197797797797797728e+02,1.125846226523164129e+00
2.200000000000000000e+02,1.135005305300974099e+00
