0.000000000000000000e+00,0.000000000000000000e+00
2.202202202202202252e-01,4.224161444846900176e-02
4.404404404404404505e-01,8.054817589720296434e-02
6.606606606606606480e-01,1.150737614314850110e-01
8.808808808808809010e-01,1.459724481365983206e-01
1.101101101101101154e+00,1.733983130978260234e-01
1.321321321321321296e+00,1.975054334004512635e-01
1.541541541541541660e+00,2.184478861297571850e-01
1.761761761761761802e+00,2.363797483710269598e-01
1.981981981981981944e+00,2.514550972095437320e-01
2.202202202202202308e+00,2.638280097305906180e-01
2.422422422422422450e+00,2.736525630194507341e-01
2.642642642642642592e+00,2.810828341614072245e-01
2.862862862862862734e+00,2.862729002417434554e-01
3.083083083083083320e+00,2.893768383457421267e-01
3.303303303303303462e+00,2.905487255586868822e-01
3.523523523523523604e+00,2.899426389658605330e-01
3.743743743743743746e+00,2.877126556525463896e-01
3.963963963963963888e+00,2.840128527040274853e-01
4.184184184184184474e+00,2.789973072055871306e-01
4.404404404404404616e+00,2.728200962425083032e-01
4.624624624624624758e+00,2.656352969000742026e-01
4.844844844844844900e+00,2.575969862635680285e-01
5.065065065065065042e+00,2.488592414182727586e-01
5.285285285285285184e+00,2.395761394494717866e-01
5.505505505505505326e+00,2.299017574424480903e-01
5.725725725725725468e+00,2.199901724824848415e-01
5.945945945945946498e+00,2.099954616548652120e-01
6.166166166166166640e+00,2.000717020448722350e-01
6.386386386386386782e+00,1.903729707377893321e-01
6.606606606606606924e+00,1.810533448188993977e-01
6.826826826826827066e+00,1.722669013734857146e-01
7.047047047047047208e+00,1.641677174868313438e-01
7.267267267267267350e+00,1.569098702442194293e-01
7.487487487487487492e+00,1.506474367309331153e-01
7.707707707707707634e+00,1.455344940322556568e-01
7.927927927927927776e+00,1.417251192334701149e-01
8.148148148148148806e+00,1.393733894198596335e-01
8.368368368368368948e+00,1.386333816767073290e-01
8.588588588588589090e+00,1.396591730892964844e-01
8.808808808808809232e+00,1.426048407429100773e-01
9.029029029029029374e+00,1.476244617228313072e-01
9.249249249249249516e+00,1.548721131143434571e-01
9.469469469469469658e+00,1.645018720027294212e-01
9.689689689689689800e+00,1.766678154732725936e-01
9.909909909909909942e+00,1.915240206112558963e-01
1.013013013013013008e+01,2.092245645019626399e-01
1.035035035035035023e+01,2.299230700142227413e-01
1.057057057057057037e+01,2.537681760466032888e-01
1.079079079079079051e+01,2.809054413539456840e-01
1.101101101101101065e+01,3.114803791063673333e-01
1.123123123123123079e+01,3.456402721138260858e-01
1.145145145145145094e+01,3.844489163033665280e-01
1.167167167167167108e+01,4.313822463335765800e-01
1.189189189189189300e+01,4.903083241594162756e-01
1.211211211211211314e+01,5.650949504575720761e-01
1.233233233233233328e+01,6.577669213837282758e-01
1.255255255255255342e+01,7.640950808797070115e-01
1.277277277277277356e+01,8.785249837055058020e-01
1.299299299299299371e+01,9.955021846211218328e-01
1.321321321321321385e+01,1.109685900057372665e+00
1.343343343343343399e+01,1.220339066395888628e+00
1.365365365365365413e+01,1.331162175511526602e+00
1.387387387387387427e+01,1.446036133979380800e+00
1.409409409409409442e+01,1.568841848374546100e+00
1.431431431431431456e+01,1.703539847785741745e+00
1.453453453453453470e+01,1.855767695033022413e+00
1.475475475475475484e+01,2.032758503699402475e+00
1.497497497497497498e+01,2.241808700613210803e+00
1.519519519519519513e+01,2.490214712602777603e+00
1.541541541541541527e+01,2.784519542865300679e+00
1.563563563563563541e+01,3.115750889343815277e+00
1.585585585585585555e+01,3.460366363028401171e+00
1.607607607607607747e+01,3.794259429106980885e+00
1.629629629629629761e+01,4.093323552767470730e+00
1.651651651651651775e+01,4.339096953555962699e+00
1.673673673673673790e+01,4.536865508313792539e+00
1.695695695695695804e+01,4.698159132507693236e+00
1.717717717717717818e+01,4.834507769858446657e+00
1.739739739739739832e+01,4.957441364086836444e+00
1.761761761761761846e+01,5.078336753648738267e+00
1.783783783783783861e+01,5.205554942604376123e+00
1.805805805805805875e+01,5.344697809231077734e+00
1.827827827827827889e+01,5.501265595675817188e+00
1.849849849849849903e+01,5.680758544085559691e+00
1.871871871871871917e+01,5.888674613668064772e+00
1.893893893893893932e+01,6.125772719633093111e+00
1.915915915915915946e+01,6.378096536018395213e+00
1.937937937937937960e+01,6.628841993463428395e+00
1.959959959959959974e+01,6.861205022607657078e+00
1.981981981981981988e+01,7.058381554090543020e+00
2.004004004004004003e+01,7.204619879429484897e+00
2.026026026026026017e+01,7.297875508230964314e+00
2.048048048048048031e+01,7.345701337836273659e+00
2.070070070070070045e+01,7.355847784687306934e+00
2.092092092092092059e+01,7.336065265225951038e+00
2.114114114114114074e+01,7.294104195894092868e+00
2.136136136136136088e+01,7.237409684835180101e+00
2.158158158158158102e+01,7.170610669727118136e+00
2.180180180180180116e+01,7.096815850412992788e+00
2.202202202202202130e+01,7.019119109217512253e+00
2.224224224224224145e+01,6.940614328465379401e+00
2.246246246246246159e+01,6.864395390481297987e+00
2.268268268268268173e+01,6.793477338111354236e+00
2.290290290290290187e+01,6.727314334670503548e+00
2.312312312312312201e+01,6.660425502367943729e+00
2.334334334334334216e+01,6.586967082772087423e+00
2.356356356356356585e+01,6.501095317451344613e+00
2.378378378378378599e+01,6.396966447974140380e+00
2.400400400400400613e+01,6.270249093816778085e+00
2.422422422422422628e+01,6.124162103991364070e+00
2.444444444444444642e+01,5.964275728177359959e+00
2.466466466466466656e+01,5.796160975668001036e+00
2.488488488488488670e+01,5.625388855756522588e+00
2.510510510510510684e+01,5.457530377736158123e+00
2.532532532532532699e+01,5.298156550900149142e+00
2.554554554554554713e+01,5.152829550613563292e+00
2.576576576576576727e+01,5.025391741950412161e+00
2.598598598598598741e+01,4.915920904565791894e+00
2.620620620620620755e+01,4.823996500812011590e+00
2.642642642642642770e+01,4.749197993041380350e+00
2.664664664664664784e+01,4.691104843606207275e+00
2.686686686686686798e+01,4.649285692258784408e+00
2.708708708708708812e+01,4.622495944904768450e+00
2.730730730730730826e+01,4.608125969452628645e+00
2.752752752752752841e+01,4.603435583317743607e+00
2.774774774774774855e+01,4.605684603915489284e+00
2.796796796796796869e+01,4.612132848661242512e+00
2.818818818818818883e+01,4.620040134970380130e+00
2.840840840840840897e+01,4.626666280258280750e+00
2.862862862862862912e+01,4.629271101940323874e+00
2.884884884884884926e+01,4.625431904101987790e+00
2.906906906906906940e+01,4.616295672398073258e+00
2.928928928928928954e+01,4.605256183787085789e+00
2.950950950950950968e+01,4.595742214674324977e+00
2.972972972972972983e+01,4.591182541465087752e+00
2.994994994994994997e+01,4.595005940564676372e+00
3.017017017017017011e+01,4.610641188378385991e+00
3.039039039039039025e+01,4.641517061311518866e+00
3.061061061061061039e+01,4.689631564278896825e+00
3.083083083083083054e+01,4.750458220158424005e+00
3.105105105105105068e+01,4.817611798659138245e+00
3.127127127127127082e+01,4.884706933581532518e+00
3.149149149149149096e+01,4.945358258726098022e+00
3.171171171171171110e+01,4.993180407893327732e+00
3.193193193193193125e+01,5.021788014883714624e+00
3.215215215215215494e+01,5.025374197713806446e+00
3.237237237237237508e+01,5.004298014860876442e+00
3.259259259259259522e+01,4.962646285861763928e+00
3.281281281281281537e+01,4.904557625211641181e+00
3.303303303303303551e+01,4.834170647405682253e+00
3.325325325325325565e+01,4.755623966939055869e+00
3.347347347347347579e+01,4.673056198306935194e+00
3.369369369369369593e+01,4.590605956004492505e+00
3.391391391391391608e+01,4.512411854526897415e+00
3.413413413413413622e+01,4.442612508369323976e+00
3.435435435435435636e+01,4.385242918282055591e+00
3.457457457457457650e+01,4.341634877245647672e+00
3.479479479479479664e+01,4.310226193368673187e+00
3.501501501501501679e+01,4.289312849960047913e+00
3.523523523523523693e+01,4.277190830328691185e+00
3.545545545545545707e+01,4.272156117783520557e+00
3.567567567567567721e+01,4.272504695633450034e+00
3.589589589589589735e+01,4.276532547187403388e+00
3.611611611611611750e+01,4.282535655754296400e+00
3.633633633633633764e+01,4.288810004643045737e+00
3.655655655655655778e+01,4.293649891587312695e+00
3.677677677677677792e+01,4.295158801537767523e+00
3.699699699699699806e+01,4.291076498754596180e+00
3.721721721721721821e+01,4.279101900882734455e+00
3.743743743743743835e+01,4.256933925567112809e+00
3.765765765765765849e+01,4.222271490452667919e+00
3.787787787787787863e+01,4.172813513184330247e+00
3.809809809809809877e+01,4.106258911407032031e+00
3.831831831831831892e+01,4.020490951120394563e+00
3.853853853853853906e+01,3.916973753556228566e+00
3.875875875875875920e+01,3.800420382097926097e+00
3.897897897897897934e+01,3.675661668907292068e+00
3.919919919919919948e+01,3.547528446146127390e+00
3.941941941941941963e+01,3.420851545976233421e+00
3.963963963963963977e+01,3.300461800559415515e+00
3.985985985985985991e+01,3.191190042057475473e+00
4.008008008008008005e+01,3.097817448874824020e+00
4.030030030030030019e+01,3.022705354583028026e+00
4.052052052052052034e+01,2.964754846535478272e+00
4.074074074074074048e+01,2.922600898979548667e+00
4.096096096096096062e+01,2.894878486162613118e+00
4.118118118118118076e+01,2.880222582332045533e+00
4.140140140140140090e+01,2.877268161735220264e+00
4.162162162162162105e+01,2.884650198619511663e+00
4.184184184184184119e+01,2.901003667232292305e+00
4.206206206206206133e+01,2.924963541820936541e+00
4.228228228228228147e+01,2.955164796632820501e+00
4.250250250250250161e+01,2.990242405915314094e+00
4.272272272272272176e+01,3.028831343915795671e+00
4.294294294294294190e+01,3.069566584881636029e+00
4.316316316316316204e+01,3.111083103060210409e+00
4.338338338338338218e+01,3.152015872698893162e+00
4.360360360360360232e+01,3.190999868045056420e+00
4.382382382382382247e+01,3.226680481100731246e+00
4.404404404404404261e+01,3.258319729547990651e+00
4.426426426426426275e+01,3.286130579432212429e+00
4.448448448448448289e+01,3.310407237876408448e+00
4.470470470470470303e+01,3.331443912003591024e+00
4.492492492492492318e+01,3.349534808936772912e+00
4.514514514514514332e+01,3.364974135798965538e+00
4.536536536536536346e+01,3.378056099713182103e+00
4.558558558558558360e+01,3.389074907802434922e+00
4.580580580580580374e+01,3.398324767189736306e+00
4.602602602602602389e+01,3.406099884998097682e+00
4.624624624624624403e+01,3.412694468350533583e+00
4.646646646646646417e+01,3.418402724370053214e+00
4.668668668668668431e+01,3.423518860179671552e+00
4.690690690690690445e+01,3.428337082902400468e+00
4.712712712712713170e+01,3.433151599661251829e+00
4.734734734734735184e+01,3.438256617579237950e+00
4.756756756756757198e+01,3.443946343779370700e+00
4.778778778778779213e+01,3.450514985384665057e+00
4.800800800800801227e+01,3.458256749518130224e+00
4.822822822822823241e+01,3.467465843302780737e+00
4.844844844844845255e+01,3.478412290858229561e+00
4.866866866866867269e+01,3.491092430438939687e+00
4.888888888888889284e+01,3.505329499260818604e+00
4.910910910910911298e+01,3.520944001510711630e+00
4.932932932932933312e+01,3.537756441375458749e+00
4.954954954954955326e+01,3.555587323041903502e+00
4.976976976976977340e+01,3.574257150696888541e+00
4.998998998998999355e+01,3.593586428527257848e+00
5.021021021021021369e+01,3.613395660719853186e+00
5.043043043043043383e+01,3.633505351461514987e+00
5.065065065065065397e+01,3.653736004939089455e+00
5.087087087087087411e+01,3.673908125339416131e+00
5.109109109109109426e+01,3.693842216849339444e+00
5.131131131131131440e+01,3.713359430908019121e+00
5.153153153153153454e+01,3.732340996082997187e+00
5.175175175175175468e+01,3.750776106709425406e+00
5.197197197197197482e+01,3.768665226411979319e+00
5.219219219219219497e+01,3.786008818815341570e+00
5.241241241241241511e+01,3.802807347544189920e+00
5.263263263263263525e+01,3.819061276223203460e+00
5.285285285285285539e+01,3.834771068477060840e+00
5.307307307307307553e+01,3.849937187930440263e+00
5.329329329329329568e+01,3.864560098208023042e+00
5.351351351351351582e+01,3.878640262934486937e+00
5.373373373373373596e+01,3.892178145734510597e+00
5.395395395395395610e+01,3.905174210232774001e+00
5.417417417417417624e+01,3.917628920053956243e+00
5.439439439439439639e+01,3.929542738822735082e+00
5.461461461461461653e+01,3.940916130163790498e+00
5.483483483483483667e+01,3.951749557701802917e+00
5.505505505505505681e+01,3.962043485061447878e+00
5.527527527527527695e+01,3.971798375867406250e+00
5.549549549549549710e+01,3.981014693744358457e+00
5.571571571571571724e+01,3.989692902316981815e+00
5.593593593593593738e+01,3.997833465209956305e+00
5.615615615615615752e+01,4.005440479420965261e+00
5.637637637637637766e+01,4.012554382905411998e+00
5.659659659659659781e+01,4.019236532632544545e+00
5.681681681681681795e+01,4.025548536457426607e+00
5.703703703703703809e+01,4.031552002235126331e+00
5.725725725725725823e+01,4.037308537820710086e+00
5.747747747747747837e+01,4.042879751069243355e+00
5.769769769769769852e+01,4.048327249835790731e+00
5.791791791791791866e+01,4.053712641975417696e+00
5.813813813813813880e+01,4.059097535343191510e+00
5.835835835835835894e+01,4.064543537794178540e+00
5.857857857857857908e+01,4.070112257183445159e+00
5.879879879879879923e+01,4.075865301366055071e+00
5.901901901901901937e+01,4.081864278197075535e+00
5.923923923923923951e+01,4.088170795531571144e+00
5.945945945945945965e+01,4.094846461224610934e+00
5.967967967967967979e+01,4.101952883131256833e+00
5.989989989989989994e+01,4.109551669106577876e+00
6.012012012012012008e+01,4.117704427005636880e+00
6.034034034034034022e+01,4.126472764683502881e+00
6.056056056056056036e+01,4.135918289995239583e+00
6.078078078078078050e+01,4.146102610795915133e+00
6.100100100100100065e+01,4.157087334938166734e+00
6.122122122122122079e+01,4.168907886622446490e+00
6.144144144144144093e+01,4.181496373910197129e+00
6.166166166166166107e+01,4.194759425655822938e+00
6.188188188188188121e+01,4.208603670713727318e+00
6.210210210210210136e+01,4.222935737938316336e+00
6.232232232232232150e+01,4.237662256183992504e+00
6.254254254254254164e+01,4.252689854305163664e+00
6.276276276276276178e+01,4.267925161156229663e+00
6.298298298298298192e+01,4.283274805591598344e+00
6.320320320320320207e+01,4.298645416465674884e+00
6.342342342342342221e+01,4.313943622632858244e+00
6.364364364364364235e+01,4.329076052947559816e+00
6.386386386386386249e+01,4.343949336264178562e+00
6.408408408408408263e+01,4.358470101437122324e+00
6.430430430430430988e+01,4.372544977320793613e+00
6.452452452452452292e+01,4.386080592769595832e+00
6.474474474474475016e+01,4.398983576637936821e+00
6.496496496496496320e+01,4.411160557780219094e+00
6.518518518518519045e+01,4.422518165050846939e+00
6.540540540540540349e+01,4.432963027304224646e+00
6.562562562562563073e+01,4.442401773394758280e+00
6.584584584584584377e+01,4.450741032176849465e+00
6.606606606606607102e+01,4.457888111474841430e+00
6.628628628628628405e+01,4.463802851268601657e+00
6.650650650650651130e+01,4.468534137187934796e+00
6.672672672672672434e+01,4.472139480295552083e+00
6.694694694694695158e+01,4.474676391654165641e+00
6.716716716716716462e+01,4.476202382326485818e+00
6.738738738738739187e+01,4.476774963375227401e+00
6.760760760760760490e+01,4.476451645863098072e+00
6.782782782782783215e+01,4.475289940852814397e+00
6.804804804804804519e+01,4.473347359407085833e+00
6.826826826826827244e+01,4.470681412588622727e+00
6.848848848848848547e+01,4.467349611460141645e+00
6.870870870870871272e+01,4.463409467084349380e+00
6.892892892892892576e+01,4.458918490523961609e+00
6.914914914914915300e+01,4.453934192841689566e+00
6.936936936936936604e+01,4.448514085100243598e+00
6.958958958958959329e+01,4.442715678362336718e+00
6.980980980980980632e+01,4.436596483690679271e+00
7.003003003003003357e+01,4.430214031898360716e+00
7.025025025025024661e+01,4.423637204412244728e+00
7.047047047047047386e+01,4.416965228744937910e+00
7.069069069069068689e+01,4.410302349735850669e+00
7.091091091091091414e+01,4.403752812224386304e+00
7.113113113113112718e+01,4.397420861049952556e+00
7.135135135135135442e+01,4.391410741051951838e+00
7.157157157157156746e+01,4.385826697069794555e+00
7.179179179179179471e+01,4.380772973942884008e+00
7.201201201201200774e+01,4.376353816510627048e+00
7.223223223223223499e+01,4.372673469612429642e+00
7.245245245245244803e+01,4.369836178087697753e+00
7.267267267267267528e+01,4.367946186775835571e+00
7.289289289289288831e+01,4.367107740516251724e+00
7.311311311311311556e+01,4.367425084148350400e+00
7.333333333333332860e+01,4.369002462511539342e+00
7.355355355355355584e+01,4.371944120445222737e+00
7.377377377377376888e+01,4.376354302788806550e+00
7.399399399399399613e+01,4.382337254381698521e+00
7.421421421421420916e+01,4.389997220063303729e+00
7.443443443443443641e+01,4.399438444673028137e+00
7.465465465465464945e+01,4.410750510878003183e+00
7.487487487487487670e+01,4.423872831841716646e+00
7.509509509509508973e+01,4.438656770529292750e+00
7.531531531531531698e+01,4.454952572690828561e+00
7.553553553553554423e+01,4.472610484076428250e+00
7.575575575575575726e+01,4.491480750436191549e+00
7.597597597597598451e+01,4.511413617520219077e+00
7.619619619619619755e+01,4.532259331078613229e+00
7.641641641641642479e+01,4.553868136861472848e+00
7.663663663663663783e+01,4.576090280618899442e+00
7.685685685685686508e+01,4.598776008100996293e+00
7.707707707707707812e+01,4.621775565057859581e+00
7.729729729729730536e+01,4.644939197239596140e+00
7.751751751751751840e+01,4.668117150396300374e+00
7.773773773773774565e+01,4.691159670278080895e+00
7.795795795795795868e+01,4.713917002635032993e+00
7.817817817817818593e+01,4.736239393217259952e+00
7.839839839839839897e+01,4.757977087774859726e+00
7.861861861861862621e+01,4.778980332057937375e+00
7.883883883883883925e+01,4.799099371816591741e+00
7.905905905905906650e+01,4.818184452800923445e+00
7.927927927927927954e+01,4.836085820761033105e+00
7.949949949949950678e+01,4.852653721447025781e+00
7.971971971971971982e+01,4.867738400608994986e+00
7.993993993993994707e+01,4.881190103997047558e+00
8.016016016016016010e+01,4.892871755246161136e+00
8.038038038038038735e+01,4.902765405538466403e+00
8.060060060060060039e+01,4.910918377354017039e+00
8.082082082082082763e+01,4.917378661733198264e+00
8.104104104104104067e+01,4.922194249716405956e+00
8.126126126126126792e+01,4.925413132344023559e+00
8.148148148148148096e+01,4.927083300656444287e+00
8.170170170170170820e+01,4.927252745694053360e+00
8.192192192192192124e+01,4.925969458497242215e+00
8.214214214214214849e+01,4.923281430106396073e+00
8.236236236236236152e+01,4.919236651561907259e+00
8.258258258258258877e+01,4.913883113904162769e+00
8.280280280280280181e+01,4.907268808173552266e+00
8.302302302302302905e+01,4.899441725410462745e+00
8.324324324324324209e+01,4.890449856655287419e+00
8.346346346346346934e+01,4.880341192948410622e+00
8.368368368368368237e+01,4.869163725330222903e+00
8.390390390390390962e+01,4.856965444841111257e+00
8.412412412412412266e+01,4.843794342521468899e+00
8.434434434434434991e+01,4.829698409411681048e+00
8.456456456456456294e+01,4.814725636552139143e+00
8.478478478478479019e+01,4.798924014983228403e+00
8.500500500500500323e+01,4.782341535745340266e+00
8.522522522522523047e+01,4.765026189878862617e+00
8.544544544544544351e+01,4.747025968424185116e+00
8.566566566566567076e+01,4.728388862421695649e+00
8.588588588588588379e+01,4.709162862911783876e+00
8.610610610610611104e+01,4.689395960934836793e+00
8.632632632632632408e+01,4.669136147531246728e+00
8.654654654654655133e+01,4.648431413741398899e+00
8.676676676676676436e+01,4.627329750605685632e+00
8.698698698698699161e+01,4.605879149164491260e+00
8.720720720720720465e+01,4.584127600458208995e+00
8.742742742742743189e+01,4.562123095527224947e+00
8.764764764764764493e+01,4.539915607203323766e+00
8.786786786786787218e+01,4.517577832806212612e+00
8.808808808808808521e+01,4.495196982956471743e+00
8.830830830830831246e+01,4.472860503614756844e+00
8.852852852852852550e+01,4.450655840741726266e+00
8.874874874874875275e+01,4.428670440298037470e+00
8.896896896896896578e+01,4.406991748244348805e+00
8.918918918918919303e+01,4.385707210541315959e+00
8.940940940940940607e+01,4.364904273149598168e+00
8.962962962962963331e+01,4.344670382029851119e+00
8.984984984984984635e+01,4.325092983142735825e+00
9.007007007007007360e+01,4.306259522448904420e+00
9.029029029029028663e+01,4.288257445909021470e+00
9.051051051051051388e+01,4.271174199483738221e+00
9.073073073073072692e+01,4.255097229133714798e+00
9.095095095095095417e+01,4.240113980819608663e+00
9.117117117117116720e+01,4.226311900502078167e+00
9.139139139139139445e+01,4.213778434141778995e+00
9.161161161161160749e+01,4.202601027699370384e+00
9.183183183183183473e+01,4.192867127135509797e+00
9.205205205205204777e+01,4.184664178410854696e+00
9.227227227227227502e+01,4.178072350376025312e+00
9.249249249249248805e+01,4.173040990975947828e+00
9.271271271271271530e+01,4.169406194364639440e+00
9.293293293293292834e+01,4.167000313926023658e+00
9.315315315315315559e+01,4.165655703044023994e+00
9.337337337337336862e+01,4.165204715102563959e+00
9.359359359359359587e+01,4.165479703485564400e+00
9.381381381381380891e+01,4.166313021576948827e+00
9.403403403403403615e+01,4.167537022760642529e+00
9.425425425425426340e+01,4.168984060420566351e+00
9.447447447447447644e+01,4.170486487940643805e+00
9.469469469469470368e+01,4.171876658704796625e+00
9.491491491491491672e+01,4.172986926096950100e+00
9.513513513513514397e+01,4.173649643501024187e+00
9.535535535535535701e+01,4.173697164300944173e+00
9.557557557557558425e+01,4.172961841880632683e+00
9.579579579579579729e+01,4.171276029624012338e+00
9.601601601601602454e+01,4.168472080915006650e+00
9.623623623623623757e+01,4.164382349137536465e+00
9.645645645645646482e+01,4.158839187675527960e+00
9.667667667667667786e+01,4.151674949912902868e+00
9.689689689689690510e+01,4.142721989233581148e+00
9.711711711711711814e+01,4.131812659021489864e+00
9.733733733733734539e+01,4.118779312660550751e+00
9.755755755755755843e+01,4.103454303534687320e+00
9.777777777777778567e+01,4.085669985027819529e+00
9.799799799799799871e+01,4.065258710523872665e+00
9.821821821821822596e+01,4.042052833406770240e+00
9.843843843843843899e+01,4.015884707060436654e+00
9.865865865865866624e+01,3.986615419787883585e+00
9.887887887887887928e+01,3.954382429210216543e+00
9.909909909909910652e+01,3.919477453151924529e+00
9.931931931931931956e+01,3.882193888038687923e+00
9.953953953953954681e+01,3.842825130296183112e+00
9.975975975975975985e+01,3.801664576350096247e+00
9.997997997997998709e+01,3.759005622626096610e+00
1.002002002002002001e+02,3.715141665549873018e+00
1.004204204204204274e+02,3.670366101547098747e+00
1.006406406406406404e+02,3.624972327043456843e+00
1.008608608608608677e+02,3.579253738464622359e+00
1.010810810810810807e+02,3.533503732236279671e+00
1.013013013013013079e+02,3.488015704784102056e+00
1.015215215215215210e+02,3.443083052533777444e+00
1.017417417417417482e+02,3.398999171910974670e+00
1.019619619619619613e+02,3.356057459341382110e+00
1.021821821821821885e+02,3.314551311250672594e+00
1.024024024024024015e+02,3.274774124064531389e+00
1.026226226226226288e+02,3.237019294208631770e+00
1.028428428428428418e+02,3.201580218108657672e+00
1.030630630630630691e+02,3.168748793500975935e+00
1.032832832832832821e+02,3.138687066124629776e+00
1.035035035035035094e+02,3.111328706052668203e+00
1.037237237237237224e+02,3.086584188649688976e+00
1.039439439439439496e+02,3.064363989280284972e+00
1.041641641641641627e+02,3.044578583309052622e+00
1.043843843843843899e+02,3.027138446100587466e+00
1.046046046046046030e+02,3.011954053019485489e+00
1.048248248248248302e+02,2.998935879430341345e+00
1.050450450450450433e+02,2.987994400697750574e+00
1.052652652652652705e+02,2.979040092186308719e+00
1.054854854854854835e+02,2.971983429260609988e+00
1.057057057057057108e+02,2.966734887285250810e+00
1.059259259259259238e+02,2.963204941624827171e+00
1.061461461461461511e+02,2.961298365829671653e+00
1.063663663663663641e+02,2.960852915597762092e+00
1.065865865865865914e+02,2.961662758073992485e+00
1.068068068068068044e+02,2.963521317983263792e+00
1.070270270270270316e+02,2.966222020050478303e+00
1.072472472472472447e+02,2.969558289000537865e+00
1.074674674674674719e+02,2.973323549558342549e+00
1.076876876876876850e+02,2.977311226448795978e+00
1.079079079079079122e+02,2.981314744396799554e+00
1.081281281281281252e+02,2.985127528127252905e+00
1.083483483483483525e+02,2.988543002365060541e+00
1.085685685685685655e+02,2.991354591835121202e+00
1.087887887887887928e+02,2.993355721262338953e+00
1.090090090090090058e+02,2.994339815371614755e+00
1.092292292292292331e+02,2.994100298887849121e+00
1.094494494494494461e+02,2.992430596535945675e+00
1.096696696696696733e+02,2.989124133040803599e+00
1.098898898898898864e+02,2.983974333127326517e+00
1.101101101101101136e+02,2.976781678719929491e+00
1.103303303303303267e+02,2.967508967331855541e+00
1.105505505505505539e+02,2.956281312065175193e+00
1.107707707707707669e+02,2.943230883221473082e+00
1.109909909909909942e+02,2.928489851102330732e+00
1.112112112112112072e+02,2.912190386009336773e+00
1.114314314314314345e+02,2.894464658244070066e+00
1.116516516516516475e+02,2.875444838108121459e+00
1.118718718718718748e+02,2.855263095903069370e+00
1.120920920920920878e+02,2.834051601930501985e+00
1.123123123123123150e+02,2.811942526491999939e+00
1.125325325325325281e+02,2.789068039889151418e+00
1.127527527527527553e+02,2.765560312423537059e+00
1.129729729729729826e+02,2.741551514396744160e+00
1.131931931931931956e+02,2.717173816110355578e+00
1.134134134134134229e+02,2.692559387865955056e+00
1.136336336336336359e+02,2.667837031549728621e+00
1.138538538538538631e+02,2.643086483829118372e+00
1.140740740740740762e+02,2.618350382837510981e+00
1.142942942942943034e+02,2.593670450424145457e+00
1.145145145145145165e+02,2.569088408438266580e+00
1.147347347347347437e+02,2.544645978729113800e+00
1.149549549549549567e+02,2.520384883145932786e+00
1.151751751751751840e+02,2.496346843537961657e+00
1.153953953953953970e+02,2.472573581754447414e+00
1.156156156156156243e+02,2.449106819644627286e+00
1.158358358358358373e+02,2.425988279057746944e+00
1.160560560560560646e+02,2.403259681843046280e+00
1.162762762762762776e+02,2.380962749849770077e+00
1.164964964964965048e+02,2.359139204927157785e+00
1.167167167167167179e+02,2.337830768924454627e+00
1.169369369369369451e+02,2.317079163690899613e+00
1.171571571571571582e+02,2.296926111075737520e+00
1.173773773773773854e+02,2.277410865464906564e+00
1.175975975975975985e+02,2.258532408815860926e+00
1.178178178178178257e+02,2.240256912253965282e+00
1.180380380380380387e+02,2.222549591430126537e+00
1.182582582582582660e+02,2.205375661995246706e+00
1.184784784784784790e+02,2.188700339600232248e+00
1.186986986986987063e+02,2.172488839895985624e+00
1.189189189189189193e+02,2.156706378533413293e+00
1.191391391391391466e+02,2.141318171163416828e+00
1.193593593593593596e+02,2.126289433436904019e+00
1.195795795795795868e+02,2.111585381004776441e+00
1.197997997997997999e+02,2.097171229517941438e+00
1.200200200200200271e+02,2.083012194627300140e+00
1.202402402402402402e+02,2.069073491983759006e+00
1.204604604604604674e+02,2.055320337238221384e+00
1.206806806806806804e+02,2.041717946041593290e+00
1.209009009009009077e+02,2.028231534044777185e+00
1.211211211211211207e+02,2.014826757655147293e+00
1.213413413413413480e+02,2.001477375450261054e+00
1.215615615615615610e+02,1.988164256724170187e+00
1.217817817817817883e+02,1.974868512176981561e+00
1.220020020020020013e+02,1.961571252508806928e+00
1.222222222222222285e+02,1.948253588419754267e+00
1.224424424424424416e+02,1.934896630609935775e+00
1.226626626626626688e+02,1.921481489779456764e+00
1.228828828828828819e+02,1.907989276628430542e+00
1.231031031031031091e+02,1.894401101856964420e+00
1.233233233233233221e+02,1.880698076165170152e+00
1.235435435435435494e+02,1.866861310253154826e+00
1.237637637637637624e+02,1.852871914821030197e+00
1.239839839839839897e+02,1.838711000568903797e+00
1.242042042042042027e+02,1.824359678196886936e+00
1.244244244244244300e+02,1.809799058405088035e+00
1.246446446446446430e+02,1.795010251893617292e+00
1.248648648648648702e+02,1.779974369362583353e+00
1.250850850850850833e+02,1.764672521512097081e+00
1.253053053053053105e+02,1.749087091949538486e+00
1.255255255255255236e+02,1.733217448375752090e+00
1.257457457457457508e+02,1.717075052360899079e+00
1.259659659659659638e+02,1.700671624845462526e+00
1.261861861861861911e+02,1.684018886769921508e+00
1.264064064064064041e+02,1.667128559074757321e+00
1.266266266266266314e+02,1.650012362700449486e+00
1.268468468468468444e+02,1.632682018587480854e+00
1.270670670670670717e+02,1.615149247676328281e+00
1.272872872872872847e+02,1.597425770907475950e+00
1.275075075075075119e+02,1.579523309221402272e+00
1.277277277277277250e+02,1.561453583558589431e+00
1.279479479479479522e+02,1.543228314859515837e+00
1.281681681681681653e+02,1.524859224064664343e+00
1.283883883883883925e+02,1.506358032114513135e+00
1.286086086086086198e+02,1.487736459949543733e+00
1.288288288288288186e+02,1.469006228510240319e+00
1.290490490490490458e+02,1.450179058737076865e+00
1.292692692692692731e+02,1.431266671570537552e+00
1.294894894894895003e+02,1.412280787951102790e+00
1.297097097097096992e+02,1.393233128819254762e+00
1.299299299299299264e+02,1.374135415115470327e+00
1.301501501501501536e+02,1.354999367780231889e+00
1.303703703703703809e+02,1.335836707754019859e+00
1.305905905905905797e+02,1.316659155977317752e+00
1.308108108108108070e+02,1.297478433390600649e+00
1.310310310310310342e+02,1.278306260934351624e+00
1.312512512512512615e+02,1.259154359549051749e+00
1.314714714714714603e+02,1.240034450175183434e+00
1.316916916916916875e+02,1.220958253753223310e+00
1.319119119119119148e+02,1.201937491223653343e+00
1.321321321321321420e+02,1.182985170451823276e+00
1.323523523523523693e+02,1.164133555512231633e+00
1.325725725725725681e+02,1.145429733947313400e+00
1.327927927927927954e+02,1.126921174610568732e+00
1.330130130130130226e+02,1.108655346355504223e+00
1.332332332332332498e+02,1.090679718035625134e+00
1.334534534534534487e+02,1.073041758504438503e+00
1.336736736736736759e+02,1.055788936615444262e+00
1.338938938938939032e+02,1.038968721222149449e+00
1.341141141141141304e+02,1.022628581178059548e+00
1.343343343343343292e+02,1.006815985336680708e+00
1.345545545545545565e+02,9.915784025515134159e-01
1.347747747747747837e+02,9.769633016760651545e-01
1.349949949949950110e+02,9.630181515638400747e-01
1.352152152152152098e+02,9.497904210683451032e-01
1.354354354354354371e+02,9.373275790430815047e-01
1.356556556556556643e+02,9.256770943415555397e-01
1.358758758758758916e+02,9.148864358172723588e-01
1.360960960960960904e+02,9.050030723237377783e-01
1.363163163163163176e+02,8.960744727144540622e-01
1.365365365365365449e+02,8.881479490420126632e-01
1.367567567567567721e+02,8.812170238745549167e-01
1.369769769769769709e+02,8.751430796732211359e-01
1.371971971971971982e+02,8.697675748225019987e-01
1.374174174174174254e+02,8.649319677068915135e-01
1.376376376376376527e+02,8.604777167108826896e-01
1.378578578578578515e+02,8.562462802189686473e-01
1.380780780780780788e+02,8.520791166156411744e-01
1.382982982982983060e+02,8.478176842853936135e-01
1.385185185185185333e+02,8.433034416127189736e-01
1.387387387387387321e+02,8.383778469821104862e-01
1.389589589589589593e+02,8.328823587780597171e-01
1.391791791791791866e+02,8.266766317571370148e-01
1.393993993993994138e+02,8.197490673676132156e-01
1.396196196196196126e+02,8.121436012507009528e-01
1.398398398398398399e+02,8.039043877116078818e-01
1.400600600600600671e+02,7.950755810555452108e-01
1.402802802802802944e+02,7.857013355877230376e-01
1.405005005005004932e+02,7.758258056133524594e-01
1.407207207207207205e+02,7.654931454376406874e-01
1.409409409409409477e+02,7.547475093657995959e-01
1.411611611611611750e+02,7.436330517030387277e-01
1.413813813813813738e+02,7.321939267545695129e-01
1.416016016016016010e+02,7.204742888255994959e-01
1.418218218218218283e+02,7.085182922213394408e-01
1.420420420420420555e+02,6.963700912470000004e-01
1.422622622622622544e+02,6.840738402077923830e-01
1.424824824824824816e+02,6.716736934089236888e-01
1.427027027027027088e+02,6.592138051556052369e-01
1.429229229229229361e+02,6.467383297530471253e-01
1.431431431431431349e+02,6.342914215064607841e-01
1.433633633633633622e+02,6.219172347210533136e-01
1.435835835835835894e+02,6.096599237020363660e-01
1.438038038038038167e+02,5.975636427546197060e-01
1.440240240240240155e+02,5.856725394431648857e-01
1.442442442442442427e+02,5.740237047545094784e-01
1.444644644644644700e+02,5.626338115164863929e-01
1.446846846846846972e+02,5.515158610095038938e-01
1.449049049049048961e+02,5.406828545139719111e-01
1.451251251251251233e+02,5.301477933102959339e-01
1.453453453453453506e+02,5.199236786788860032e-01
1.455655655655655778e+02,5.100235119001500506e-01
1.457857857857857766e+02,5.004602942544983391e-01
1.460060060060060039e+02,4.912470270223363022e-01
1.462262262262262311e+02,4.823967114840739256e-01
1.464464464464464584e+02,4.739223489201196959e-01
1.466666666666666572e+02,4.658369406108825994e-01
1.468868868868868844e+02,4.581534878367692909e-01
1.471071071071071117e+02,4.508849918781894228e-01
1.473273273273273389e+02,4.440444540155510378e-01
1.475475475475475378e+02,4.376448755292635662e-01
1.477677677677677650e+02,4.316992576997337738e-01
1.479879879879879923e+02,4.262206018073708136e-01
1.482082082082082195e+02,4.212219091325831166e-01
1.484284284284284183e+02,4.167161809557798358e-01
1.486486486486486456e+02,4.127164185573680144e-01
1.488688688688688728e+02,4.092356232177568609e-01
1.490890890890891001e+02,4.062864319218724707e-01
1.493093093093092989e+02,4.038676927211365952e-01
1.495295295295295261e+02,4.019605542324110048e-01
1.497497497497497534e+02,4.005450033627603323e-01
1.499699699699699806e+02,3.996010270192489888e-01
1.501901901901901795e+02,3.991086121089412186e-01
1.504104104104104067e+02,3.990477455389012107e-01
1.506306306306306340e+02,3.993984142161933204e-01
1.508508508508508612e+02,4.001406050478819587e-01
1.510710710710710885e+02,4.012543049410312590e-01
1.512912912912912873e+02,4.027195008027052991e-01
1.515115115115115145e+02,4.045161795399688232e-01
1.517317317317317418e+02,4.066243280598860199e-01
1.519519519519519690e+02,4.090239332695210783e-01
1.521721721721721678e+02,4.116949820759380207e-01
1.523923923923923951e+02,4.146174613862018132e-01
1.526126126126126223e+02,4.177713581073762006e-01
1.528328328328328496e+02,4.211366591465258713e-01
1.530530530530530484e+02,4.246933514107142371e-01
1.532732732732732757e+02,4.284214218070068192e-01
1.534934934934935029e+02,4.323008572424674179e-01
1.537137137137137302e+02,4.363116446241602220e-01
1.539339339339339290e+02,4.404337708591491429e-01
1.541541541541541562e+02,4.446472228544992022e-01
1.543743743743743835e+02,4.489319875172745333e-01
1.545945945945946107e+02,4.532680517545392140e-01
1.548148148148148096e+02,4.576354024733570447e-01
1.550350350350350368e+02,4.620140265807935465e-01
1.552552552552552640e+02,4.663839109839122421e-01
1.554754754754754913e+02,4.707250425897777646e-01
1.556956956956956901e+02,4.750174083054534702e-01
1.559159159159159174e+02,4.792409950380049355e-01
1.561361361361361446e+02,4.833757896944958499e-01
1.563563563563563719e+02,4.874017791819906242e-01
1.565765765765765707e+02,4.912989504075530034e-01
1.567967967967967979e+02,4.950472902782482310e-01
1.570170170170170252e+02,4.986267857011399407e-01
1.572372372372372524e+02,5.020174235832927101e-01
1.574574574574574513e+02,5.051998993062170040e-01
1.576776776776776785e+02,5.081672007147073344e-01
1.578978978978979058e+02,5.109227258354805956e-01
1.581181181181181330e+02,5.134702014506078438e-01
1.583383383383383318e+02,5.158133543421602463e-01
1.585585585585585591e+02,5.179559112922097475e-01
1.587787787787787863e+02,5.199015990828269596e-01
1.589989989989990136e+02,5.216541444960832719e-01
1.592192192192192124e+02,5.232172743140497406e-01
1.594394394394394396e+02,5.245947153187981993e-01
1.596596596596596669e+02,5.257901942923994820e-01
1.598798798798798941e+02,5.268074380169247561e-01
1.601001001001000930e+02,5.276501732744454110e-01
1.603203203203203202e+02,5.283221268470328358e-01
1.605405405405405475e+02,5.288270255167579759e-01
1.607607607607607747e+02,5.291685960656923315e-01
1.609809809809809735e+02,5.293505652759069591e-01
1.612012012012012008e+02,5.293766599294733588e-01
1.614214214214214280e+02,5.292506068084624760e-01
1.616416416416416553e+02,5.289761326949456999e-01
1.618618618618618541e+02,5.285569643709941978e-01
1.620820820820820813e+02,5.279968286186794701e-01
1.623023023023023086e+02,5.272994522200724621e-01
1.625225225225225358e+02,5.264685619572445630e-01
1.627427427427427347e+02,5.255078846122671621e-01
1.629629629629629619e+02,5.244211469672110937e-01
1.631831831831831892e+02,5.232120758041478581e-01
1.634034034034034164e+02,5.218843979051488446e-01
1.636236236236236152e+02,5.204418400522849986e-01
1.638438438438438425e+02,5.188881290276277092e-01
1.640640640640640697e+02,5.172269916132483658e-01
1.642842842842842970e+02,5.154621545912180247e-01
1.645045045045044958e+02,5.135973447436082973e-01
1.647247247247247230e+02,5.116362888524896846e-01
1.649449449449449503e+02,5.095827136999341311e-01
1.651651651651651775e+02,5.074403460680124711e-01
1.653853853853853764e+02,5.052129127387964269e-01
1.656056056056056036e+02,5.029041404943566107e-01
1.658258258258258309e+02,5.005177561167645228e-01
1.660460460460460581e+02,4.980574863880916636e-01
1.662662662662662569e+02,4.955270580904093114e-01
1.664864864864864842e+02,4.929301980057880783e-01
1.667067067067067114e+02,4.902706329162997423e-01
1.669269269269269387e+02,4.875520896040154151e-01
1.671471471471471375e+02,4.847782948510065415e-01
1.673673673673673647e+02,4.819529754393439558e-01
1.675875875875875920e+02,4.790798581510992138e-01
1.678078078078078192e+02,4.761626697683433718e-01
1.680280280280280181e+02,4.732051370731482076e-01
1.682482482482482453e+02,4.702109868475842780e-01
1.684684684684684726e+02,4.671839458737229722e-01
1.686886886886886998e+02,4.641277409336357351e-01
1.689089089089088986e+02,4.610460988093941226e-01
1.691291291291291259e+02,4.579427462830684137e-01
1.693493493493493531e+02,4.548214101367307194e-01
1.695695695695695804e+02,4.516858171524519294e-01
1.697897897897898076e+02,4.485396941123034331e-01
1.700100100100100065e+02,4.453867677475951692e-01
1.702302302302302337e+02,4.422301473791035442e-01
1.704504504504504609e+02,4.390707868475858255e-01
1.706706706706706882e+02,4.359091698927592962e-01
1.708908908908908870e+02,4.327457802543416276e-01
1.711111111111111143e+02,4.295811016720493813e-01
1.713313313313313415e+02,4.264156178856005064e-01
1.715515515515515688e+02,4.232498126347119527e-01
1.717717717717717676e+02,4.200841696591015584e-01
1.719919919919919948e+02,4.169191726984859403e-01
1.722122122122122221e+02,4.137553054925825480e-01
1.724324324324324493e+02,4.105930517811089420e-01
1.726526526526526482e+02,4.074328953037826828e-01
1.728728728728728754e+02,4.042753198003203319e-01
1.730930930930931027e+02,4.011208090104395607e-01
1.733133133133133299e+02,3.979698466738575968e-01
1.735335335335335287e+02,3.948229165302923893e-01
1.737537537537537560e+02,3.916805023194602775e-01
1.739739739739739832e+02,3.885430877810787664e-01
1.741941941941942105e+02,3.854111566548654721e-01
1.744144144144144093e+02,3.822851926805380662e-01
1.746346346346346365e+02,3.791656795978129435e-01
1.748548548548548638e+02,3.760531011464077755e-01
1.750750750750750910e+02,3.729479410660399563e-01
1.752952952952952899e+02,3.698506830964270464e-01
1.755155155155155171e+02,3.667618109772857182e-01
1.757357357357357444e+02,3.636818084483336988e-01
1.759559559559559716e+02,3.606111592492882156e-01
1.761761761761761704e+02,3.575503471198669958e-01
1.763963963963963977e+02,3.544998557997864341e-01
1.766166166166166249e+02,3.514601690287642577e-01
1.768368368368368522e+02,3.484317705465179715e-01
1.770570570570570510e+02,3.454151440927650252e-01
1.772772772772772782e+02,3.424107734072220355e-01
1.774974974974975055e+02,3.394191422296068406e-01
1.777177177177177327e+02,3.364407342996364458e-01
1.779379379379379316e+02,3.334760333570288560e-01
1.781581581581581588e+02,3.305255231415002992e-01
1.783783783783783861e+02,3.275896873927686692e-01
1.785985985985986133e+02,3.246690098505512490e-01
1.788188188188188121e+02,3.217639742545655990e-01
1.790390390390390394e+02,3.188750643445284472e-01
1.792592592592592666e+02,3.160027638601574096e-01
1.794794794794794939e+02,3.131475565411697137e-01
1.796996996996996927e+02,3.103099261272830311e-01
1.799199199199199199e+02,3.074903563582139787e-01
1.801401401401401472e+02,3.046893309736803390e-01
1.803603603603603744e+02,3.019073337133992285e-01
1.805805805805805733e+02,2.991448483170883743e-01
1.808008008008008005e+02,2.964023585244643377e-01
1.810210210210210278e+02,2.936803480752448459e-01
1.812412412412412550e+02,2.909793007091472927e-01
1.814614614614614538e+02,2.882997001658890168e-01
1.816816816816816811e+02,2.856420301851870236e-01
1.819019019019019083e+02,2.830067745067585960e-01
1.821221221221221356e+02,2.803944168703212392e-01
1.823423423423423344e+02,2.778054410155925136e-01
1.825625625625625617e+02,2.752403306822891471e-01
1.827827827827827889e+02,2.726995696101287558e-01
1.830030030030030161e+02,2.701836415388285673e-01
1.832232232232232150e+02,2.676930302081062529e-01
1.834434434434434422e+02,2.652282193576785407e-01
1.836636636636636695e+02,2.627896927272629357e-01
1.838838838838838967e+02,2.603779340565767209e-01
1.841041041041040955e+02,2.579934270853375677e-01
1.843243243243243228e+02,2.556366555532623153e-01
1.845445445445445500e+02,2.533081032000683019e-01
1.847647647647647773e+02,2.510082537654730328e-01
1.849849849849849761e+02,2.487375909891940406e-01
1.852052052052052034e+02,2.464965986109479701e-01
1.854254254254254306e+02,2.442857603704525482e-01
1.856456456456456579e+02,2.421055600074250580e-01
1.858658658658658567e+02,2.399564812615829767e-01
1.860860860860860839e+02,2.378390078726430878e-01
1.863063063063063112e+02,2.357536235803230629e-01
1.865265265265265384e+02,2.337008121243400738e-01
1.867467467467467372e+02,2.316810572444117922e-01
1.869669669669669645e+02,2.296948426802549459e-01
1.871871871871871917e+02,2.277426521715870955e-01
1.874074074074074190e+02,2.258249694581255240e-01
1.876276276276276178e+02,2.239422782795879308e-01
1.878478478478478451e+02,2.220950623756909881e-01
1.880680680680680723e+02,2.202838014152392054e-01
1.882882882882882996e+02,2.185086820773032013e-01
1.885085085085085268e+02,2.167694064183545710e-01
1.887287287287287256e+02,2.150656310279120687e-01
1.889489489489489529e+02,2.133970124954939207e-01
1.891691691691691801e+02,2.117632074106189366e-01
1.893893893893894074e+02,2.101638723628058425e-01
1.896096096096096062e+02,2.085986639415733923e-01
1.898298298298298334e+02,2.070672387364398404e-01
1.900500500500500607e+02,2.055692533369240516e-01
1.902702702702702879e+02,2.041043643325446688e-01
1.904904904904904868e+02,2.026722283128204183e-01
1.907107107107107140e+02,2.012725018672696653e-01
1.909309309309309413e+02,1.999048415854111638e-01
1.911511511511511685e+02,1.985689040567635566e-01
1.913713713713713673e+02,1.972643458708456532e-01
1.915915915915915946e+02,1.959908236171757911e-01
1.918118118118118218e+02,1.947479938852727799e-01
1.920320320320320491e+02,1.935355132646550957e-01
1.922522522522522479e+02,1.923530383448417425e-01
1.924724724724724751e+02,1.912002257153508633e-01
1.926926926926927024e+02,1.900767319657014343e-01
1.929129129129129296e+02,1.889822136854118206e-01
1.931331331331331285e+02,1.879163274640011094e-01
1.933533533533533557e+02,1.868787298909874162e-01
1.935735735735735830e+02,1.858690775558896890e-01
1.937937937937938102e+02,1.848870270482264599e-01
1.940140140140140090e+02,1.839322349575164273e-01
1.942342342342342363e+02,1.830043578732780396e-01
1.944544544544544635e+02,1.821030523850301341e-01
1.946746746746746908e+02,1.812279750822912427e-01
1.948948948948948896e+02,1.803787825545801748e-01
1.951151151151151169e+02,1.795551313914152958e-01
1.953353353353353441e+02,1.787566781823153594e-01
1.955555555555555713e+02,1.779830795167990087e-01
1.957757757757757702e+02,1.772339919843849421e-01
1.959959959959959974e+02,1.765090721745916635e-01
1.962162162162162247e+02,1.758079766769378716e-01
1.964364364364364519e+02,1.751303620809421813e-01
1.966566566566566507e+02,1.744758849761233466e-01
1.968768768768768780e+02,1.738442019519997883e-01
1.970970970970971052e+02,1.732349695980902604e-01
1.973173173173173325e+02,1.726478445039133780e-01
1.975375375375375313e+02,1.720824832589878395e-01
1.977577577577577586e+02,1.715385424528321767e-01
1.979779779779779858e+02,1.710156786749650881e-01
1.981981981981982130e+02,1.705135485149051333e-01
1.984184184184184119e+02,1.700318085621710940e-01
1.986386386386386391e+02,1.695701154062814464e-01
1.988588588588588664e+02,1.691281256367548891e-01
1.990790790790790936e+02,1.687054958431100649e-01
1.992992992992992924e+02,1.683018826148656166e-01
1.995195195195195197e+02,1.679169425415401040e-01
1.997397397397397469e+02,1.675503322126522532e-01
1.999599599599599742e+02,1.672017082177205960e-01
2.001801801801801730e+02,1.668707271462639141e-01
2.004004004004004003e+02,1.665570455878007117e-01
2.006206206206206275e+02,1.662603201318496593e-01
2.008408408408408548e+02,1.659802073679293999e-01
2.010610610610610536e+02,1.657163638855586318e-01
2.012812812812812808e+02,1.654684462742558593e-01
2.015015015015015081e+02,1.652361111235397528e-01
2.017217217217217353e+02,1.650190150229290109e-01
2.019419419419419341e+02,1.648168145619422764e-01
2.021621621621621614e+02,1.646291663300980812e-01
2.023823823823823886e+02,1.644557269169151237e-01
2.026026026026026159e+02,1.642961529119120190e-01
2.028228228228228147e+02,1.641501009046074100e-01
2.030430430430430420e+02,1.640172274845199396e-01
2.032632632632632692e+02,1.638971892411682230e-01
2.034834834834834965e+02,1.637896427640709029e-01
2.037037037037036953e+02,1.636942446427466502e-01
2.039239239239239225e+02,1.636106514667140244e-01
2.041441441441441498e+02,1.635385198254916683e-01
2.043643643643643770e+02,1.634775063085983082e-01
2.045845845845845759e+02,1.634272675055524759e-01
2.048048048048048031e+02,1.633874600058728421e-01
2.050250250250250303e+02,1.633577403990780774e-01
2.052452452452452576e+02,1.633377652746867137e-01
2.054654654654654564e+02,1.633271912222174493e-01
2.056856856856856837e+02,1.633256748311889828e-01
2.059059059059059109e+02,1.633328726911198459e-01
2.061261261261261382e+02,1.633484413915287370e-01
2.063463463463463370e+02,1.633720375219342436e-01
2.065665665665665642e+02,1.634033176718550084e-01
2.067867867867867915e+02,1.634419384308096745e-01
2.070070070070070187e+02,1.634875563883169403e-01
2.072272272272272460e+02,1.635398281338953097e-01
2.074474474474474448e+02,1.635984102570634813e-01
2.076676676676676720e+02,1.636629593473401534e-01
2.078878878878878993e+02,1.637331319942438301e-01
2.081081081081081265e+02,1.638085847872932099e-01
2.083283283283283254e+02,1.638889743160069357e-01
2.085485485485485526e+02,1.639739571699036502e-01
2.087687687687687799e+02,1.640631899385019965e-01
2.089889889889890071e+02,1.641563292113205619e-01
2.092092092092092059e+02,1.642530315778779615e-01
2.094294294294294332e+02,1.643529536276928660e-01
2.096496496496496604e+02,1.644557519502840015e-01
2.098698698698698877e+02,1.645610831351698444e-01
2.100900900900900865e+02,1.646686037718691209e-01
2.103103103103103138e+02,1.647779704499004461e-01
2.105305305305305410e+02,1.648888397587823795e-01
2.107507507507507682e+02,1.650008682880336752e-01
2.109709709709709671e+02,1.651137126271728928e-01
2.111911911911911943e+02,1.652270293657187583e-01
2.114114114114114216e+02,1.653404750931897760e-01
2.116316316316316488e+02,1.654537063991046164e-01
2.118518518518518476e+02,1.655663798729819502e-01
2.120720720720720749e+02,1.656781521043403926e-01
2.122922922922923021e+02,1.657886796826986697e-01
2.125125125125125294e+02,1.658976191975752024e-01
2.127327327327327282e+02,1.660046272384888555e-01
2.129529529529529555e+02,1.661093603949580499e-01
2.131731731731731827e+02,1.662114752565015952e-01
2.133933933933934100e+02,1.663106284126380507e-01
2.136136136136136088e+02,1.664064764528860041e-01
2.138338338338338360e+02,1.664986759667642091e-01
2.140540540540540633e+02,1.665868835437911422e-01
2.142742742742742905e+02,1.666707557734856127e-01
2.144944944944944893e+02,1.667499492453661247e-01
2.147147147147147166e+02,1.668241205489513768e-01
2.149349349349349438e+02,1.668929262737599561e-01
2.151551551551551711e+02,1.669560230093105058e-01
2.153753753753753699e+02,1.670130673451217240e-01
2.155955955955955972e+02,1.670637158707121428e-01
2.158158158158158244e+02,1.671076251756004605e-01
2.160360360360360517e+02,1.671444518493053755e-01
2.162562562562562505e+02,1.671738524813453364e-01
2.164764764764764777e+02,1.671954836612391526e-01
2.166966966966967050e+02,1.672090019785053006e-01
2.169169169169169322e+02,1.672140640226625896e-01
2.171371371371371310e+02,1.672103263832295517e-01
2.173573573573573583e+02,1.671974456497248296e-01
2.175775775775775855e+02,1.671750784116670385e-01
2.177977977977978128e+02,1.671428812585748491e-01
2.180180180180180116e+02,1.671005107799669320e-01
2.182382382382382389e+02,1.670476235653617914e-01
2.184584584584584661e+02,1.669838762042782088e-01
2.186786786786786934e+02,1.669089252862347161e-01
2.188988988988988922e+02,1.668224274007499841e-01
2.191191191191191194e+02,1.667240391373426833e-01
2.193393393393393467e+02,1.666134170855313457e-01
2.195595595595595739e+02,1.664902178348346418e-01
2.197797797797797728e+02,1.663540979747713255e-01
2.200000000000000000e+02,1.662047140948598734e-01
