0.000000000000000000e+00,2.704200000000000000e+05,6.195400000000000000e+04
1.001001001001001062e-01,2.788310000000000000e+05,6.524300000000000000e+04
2.002002002002002123e-01,2.753840000000000000e+05,6.354600000000000000e+04
3.003003003003003046e-01,2.666020000000000000e+05,5.992300000000000000e+04
4.004004004004004247e-01,2.781960000000000000e+05,6.094900000000000000e+04
5.005005005005005447e-01,2.726230000000000000e+05,6.109800000000000000e+04
6.006006006006006093e-01,2.623830000000000000e+05,6.055300000000000000e+04
7.007007007007007848e-01,2.672500000000000000e+05,6.047000000000000000e+04
8.008008008008008494e-01,2.722150000000000000e+05,6.011200000000000000e+04
9.009009009009009139e-01,2.690290000000000000e+05,6.495900000000000000e+04
1.001001001001001089e+00,2.707360000000000000e+05,6.204000000000000000e+04
1.101101101101101154e+00,2.713540000000000000e+05,5.932700000000000000e+04
1.201201201201201219e+00,2.686770000000000000e+05,6.185200000000000000e+04
1.301301301301301283e+00,2.765350000000000000e+05,6.333300000000000000e+04
1.401401401401401570e+00,2.764960000000000000e+05,6.616300000000000000e+04
1.501501501501501634e+00,2.702620000000000000e+05,6.064500000000000000e+04
1.601601601601601699e+00,2.691140000000000000e+05,6.026400000000000000e+04
1.701701701701701763e+00,2.665410000000000000e+05,6.173200000000000000e+04
1.801801801801801828e+00,2.669960000000000000e+05,6.478400000000000000e+04
1.901901901901902114e+00,2.729950000000000000e+05,6.148800000000000000e+04
2.002002002002002179e+00,2.744500000000000000e+05,6.400700000000000000e+04
2.102102102102102243e+00,2.735130000000000000e+05,6.894800000000000000e+04
2.202202202202202308e+00,2.764490000000000000e+05,6.881900000000000000e+04
2.302302302302302373e+00,2.772050000000000000e+05,6.674300000000000000e+04
2.402402402402402437e+00,2.692130000000000000e+05,6.619900000000000000e+04
2.502502502502502502e+00,2.743760000000000000e+05,6.660600000000000000e+04
2.602602602602602566e+00,2.744460000000000000e+05,6.645200000000000000e+04
2.702702702702703075e+00,2.683280000000000000e+05,6.645800000000000000e+04
2.802802802802803139e+00,2.736530000000000000e+05,6.755300000000000000e+04
2.902902902902903204e+00,2.715200000000000000e+05,6.667200000000000000e+04
3.003003003003003268e+00,2.689740000000000000e+05,6.256400000000000000e+04
3.103103103103103333e+00,2.690310000000000000e+05,6.105700000000000000e+04
3.203203203203203397e+00,2.799000000000000000e+05,6.558200000000000000e+04
3.303303303303303462e+00,2.831610000000000000e+05,6.268200000000000000e+04
3.403403403403403527e+00,2.757540000000000000e+05,6.541600000000000000e+04
3.503503503503503591e+00,2.731190000000000000e+05,6.333800000000000000e+04
3.603603603603603656e+00,2.787720000000000000e+05,6.658000000000000000e+04
3.703703703703703720e+00,2.857360000000000000e+05,6.573100000000000000e+04
3.803803803803804229e+00,2.765970000000000000e+05,6.454600000000000000e+04
3.903903903903904293e+00,2.696950000000000000e+05,6.474100000000000000e+04
4.004004004004004358e+00,2.712180000000000000e+05,6.259400000000000000e+04
4.104104104104104422e+00,2.751760000000000000e+05,6.279800000000000000e+04
4.204204204204204487e+00,2.755350000000000000e+05,6.419200000000000000e+04
4.304304304304304551e+00,2.801860000000000000e+05,6.189800000000000000e+04
4.404404404404404616e+00,2.755900000000000000e+05,6.524700000000000000e+04
4.504504504504504681e+00,2.686180000000000000e+05,6.624300000000000000e+04
4.604604604604604745e+00,2.766420000000000000e+05,6.126000000000000000e+04
4.704704704704704810e+00,2.707300000000000000e+05,6.199700000000000000e+04
4.804804804804804874e+00,2.776350000000000000e+05,6.433500000000000000e+04
4.904904904904904939e+00,2.798750000000000000e+05,6.588200000000000000e+04
5.005005005005005003e+00,2.812900000000000000e+05,6.414300000000000000e+04
5.105105105105105068e+00,2.726840000000000000e+05,6.682200000000000000e+04
5.205205205205205132e+00,2.702140000000000000e+05,6.434200000000000000e+04
5.305305305305305197e+00,2.750320000000000000e+05,6.327300000000000000e+04
5.405405405405406150e+00,2.773390000000000000e+05,6.643300000000000000e+04
5.505505505505506214e+00,2.735010000000000000e+05,6.412600000000000000e+04
5.605605605605606279e+00,2.847220000000000000e+05,6.663400000000000000e+04
5.705705705705706343e+00,2.717940000000000000e+05,6.287300000000000000e+04
5.805805805805806408e+00,2.777170000000000000e+05,6.223000000000000000e+04
5.905905905905906472e+00,2.704270000000000000e+05,6.609600000000000000e+04
6.006006006006006537e+00,2.698120000000000000e+05,6.435300000000000000e+04
6.106106106106106601e+00,2.604250000000000000e+05,6.175400000000000000e+04
6.206206206206206666e+00,2.681640000000000000e+05,6.148700000000000000e+04
6.306306306306306730e+00,2.694340000000000000e+05,5.940600000000000000e+04
6.406406406406406795e+00,2.763300000000000000e+05,6.659900000000000000e+04
6.506506506506506859e+00,2.900910000000000000e+05,6.668000000000000000e+04
6.606606606606606924e+00,2.829600000000000000e+05,6.703700000000000000e+04
6.706706706706706989e+00,2.804130000000000000e+05,6.461900000000000000e+04
6.806806806806807053e+00,3.033340000000000000e+05,6.938800000000000000e+04
6.906906906906907118e+00,2.799340000000000000e+05,6.781000000000000000e+04
7.007007007007007182e+00,2.748270000000000000e+05,6.460300000000000000e+04
7.107107107107107247e+00,2.728460000000000000e+05,6.659500000000000000e+04
7.207207207207207311e+00,2.748690000000000000e+05,6.795000000000000000e+04
7.307307307307307376e+00,2.796700000000000000e+05,6.809200000000000000e+04
7.407407407407407440e+00,2.824090000000000000e+05,6.796600000000000000e+04
7.507507507507508393e+00,2.841110000000000000e+05,6.711200000000000000e+04
7.607607607607608458e+00,2.809020000000000000e+05,6.179700000000000000e+04
7.707707707707708522e+00,2.772490000000000000e+05,6.736800000000000000e+04
7.807807807807808587e+00,2.767850000000000000e+05,7.076200000000000000e+04
7.907907907907908651e+00,2.819570000000000000e+05,6.746200000000000000e+04
8.008008008008008716e+00,2.903300000000000000e+05,6.550000000000000000e+04
8.108108108108108780e+00,2.953410000000000000e+05,6.885500000000000000e+04
8.208208208208208845e+00,2.824080000000000000e+05,6.607600000000000000e+04
8.308308308308308909e+00,2.923050000000000000e+05,1.269450000000000000e+05
8.408408408408408974e+00,1.913210000000000000e+05,6.863800000000000000e+04
8.508508508508509038e+00,1.570150000000000000e+05,3.630700000000000000e+04
8.608608608608609103e+00,1.581100000000000000e+05,3.692800000000000000e+04
8.708708708708709167e+00,1.557060000000000000e+05,3.576000000000000000e+04
8.808808808808809232e+00,1.564180000000000000e+05,3.614400000000000000e+04
8.908908908908909297e+00,1.564160000000000000e+05,3.566600000000000000e+04
9.009009009009009361e+00,1.543860000000000000e+05,3.762200000000000000e+04
9.109109109109109426e+00,1.556910000000000000e+05,3.827100000000000000e+04
9.209209209209209490e+00,1.602530000000000000e+05,3.702700000000000000e+04
9.309309309309309555e+00,1.577280000000000000e+05,3.604500000000000000e+04
9.409409409409409619e+00,2.318060000000000000e+05,1.043900000000000000e+05
9.509509509509509684e+00,1.861840000000000000e+05,6.109100000000000000e+04
9.609609609609609748e+00,1.546990000000000000e+05,3.580200000000000000e+04
9.709709709709709813e+00,1.567880000000000000e+05,3.667100000000000000e+04
9.809809809809809877e+00,1.572110000000000000e+05,3.772400000000000000e+04
9.909909909909909942e+00,1.552260000000000000e+05,3.788200000000000000e+04
1.001001001001001001e+01,1.528230000000000000e+05,3.572100000000000000e+04
1.011011011011011007e+01,1.530630000000000000e+05,3.588300000000000000e+04
1.021021021021021014e+01,1.577890000000000000e+05,3.651600000000000000e+04
1.031031031031031020e+01,1.569630000000000000e+05,3.674300000000000000e+04
1.041041041041041026e+01,1.576620000000000000e+05,3.784600000000000000e+04
1.051051051051051033e+01,2.377280000000000000e+05,7.854400000000000000e+04
1.061061061061061039e+01,2.709390000000000000e+05,6.499300000000000000e+04
1.071071071071071223e+01,2.750700000000000000e+05,6.507700000000000000e+04
1.081081081081081230e+01,2.726160000000000000e+05,6.518200000000000000e+04
1.091091091091091236e+01,2.729410000000000000e+05,6.319700000000000000e+04
1.101101101101101243e+01,2.701080000000000000e+05,6.011200000000000000e+04
1.111111111111111249e+01,2.743060000000000000e+05,6.425500000000000000e+04
1.121121121121121256e+01,2.693960000000000000e+05,6.413300000000000000e+04
1.131131131131131262e+01,2.569270000000000000e+05,6.050900000000000000e+04
1.141141141141141269e+01,2.682410000000000000e+05,6.141800000000000000e+04
1.151151151151151275e+01,2.787230000000000000e+05,6.326000000000000000e+04
1.161161161161161282e+01,2.690310000000000000e+05,6.195900000000000000e+04
1.171171171171171288e+01,2.813410000000000000e+05,6.223400000000000000e+04
1.181181181181181294e+01,2.687300000000000000e+05,6.063100000000000000e+04
1.191191191191191301e+01,2.756470000000000000e+05,6.146800000000000000e+04
1.201201201201201307e+01,2.748860000000000000e+05,6.064500000000000000e+04
1.211211211211211314e+01,2.702190000000000000e+05,6.289400000000000000e+04
1.221221221221221320e+01,2.781150000000000000e+05,6.152000000000000000e+04
1.231231231231231327e+01,2.872570000000000000e+05,6.177500000000000000e+04
1.241241241241241333e+01,2.763450000000000000e+05,6.015200000000000000e+04
1.251251251251251340e+01,2.783120000000000000e+05,6.310700000000000000e+04
1.261261261261261346e+01,2.717180000000000000e+05,6.270700000000000000e+04
1.271271271271271353e+01,2.619050000000000000e+05,5.852700000000000000e+04
1.281281281281281359e+01,2.625660000000000000e+05,6.221100000000000000e+04
1.291291291291291365e+01,2.627910000000000000e+05,6.542600000000000000e+04
1.301301301301301372e+01,2.763260000000000000e+05,6.406100000000000000e+04
1.311311311311311378e+01,2.677590000000000000e+05,6.489900000000000000e+04
1.321321321321321385e+01,2.687670000000000000e+05,6.326500000000000000e+04
1.331331331331331391e+01,2.647220000000000000e+05,5.846700000000000000e+04
1.341341341341341398e+01,2.691440000000000000e+05,6.624500000000000000e+04
1.351351351351351404e+01,2.670640000000000000e+05,6.346200000000000000e+04
1.361361361361361411e+01,2.694760000000000000e+05,6.513000000000000000e+04
1.371371371371371417e+01,2.638460000000000000e+05,6.083400000000000000e+04
1.381381381381381424e+01,2.783140000000000000e+05,6.203800000000000000e+04
1.391391391391391430e+01,2.756850000000000000e+05,6.301100000000000000e+04
1.401401401401401436e+01,2.764460000000000000e+05,6.657300000000000000e+04
1.411411411411411443e+01,2.800830000000000000e+05,6.484400000000000000e+04
1.421421421421421449e+01,2.717980000000000000e+05,6.324100000000000000e+04
1.431431431431431456e+01,2.762870000000000000e+05,6.252700000000000000e+04
1.441441441441441462e+01,2.792740000000000000e+05,6.537400000000000000e+04
1.451451451451451469e+01,2.739570000000000000e+05,6.313800000000000000e+04
1.461461461461461475e+01,2.757730000000000000e+05,6.236700000000000000e+04
1.471471471471471482e+01,2.693240000000000000e+05,6.471300000000000000e+04
1.481481481481481488e+01,2.717830000000000000e+05,6.244100000000000000e+04
1.491491491491491495e+01,2.792340000000000000e+05,6.171000000000000000e+04
1.501501501501501679e+01,2.758170000000000000e+05,6.391000000000000000e+04
1.511511511511511685e+01,2.771260000000000000e+05,6.345700000000000000e+04
1.521521521521521692e+01,2.809220000000000000e+05,6.604500000000000000e+04
1.531531531531531698e+01,2.731600000000000000e+05,6.610100000000000000e+04
1.541541541541541704e+01,2.776970000000000000e+05,6.473200000000000000e+04
1.551551551551551711e+01,2.709330000000000000e+05,6.456200000000000000e+04
1.561561561561561717e+01,2.794310000000000000e+05,9.502100000000000000e+04
1.571571571571571724e+01,2.720980000000000000e+05,1.361710000000000000e+05
1.581581581581581730e+01,1.954500000000000000e+05,6.170600000000000000e+04
1.591591591591591737e+01,1.585450000000000000e+05,3.629600000000000000e+04
1.601601601601601743e+01,1.584750000000000000e+05,3.641500000000000000e+04
1.611611611611611750e+01,1.581460000000000000e+05,3.791000000000000000e+04
1.621621621621621756e+01,1.597290000000000000e+05,3.682500000000000000e+04
1.631631631631631763e+01,1.585050000000000000e+05,3.710000000000000000e+04
1.641641641641641769e+01,1.615570000000000000e+05,3.817600000000000000e+04
1.651651651651651775e+01,1.600960000000000000e+05,3.714800000000000000e+04
1.661661661661661782e+01,1.582630000000000000e+05,3.755200000000000000e+04
1.671671671671671788e+01,1.571810000000000000e+05,3.647400000000000000e+04
1.681681681681681795e+01,2.306710000000000000e+05,5.313100000000000000e+04
1.691691691691691801e+01,2.650680000000000000e+05,6.323900000000000000e+04
1.701701701701701808e+01,2.636650000000000000e+05,6.319700000000000000e+04
1.711711711711711814e+01,2.603690000000000000e+05,6.152800000000000000e+04
1.721721721721721821e+01,2.599810000000000000e+05,5.950400000000000000e+04
1.731731731731731827e+01,2.661040000000000000e+05,6.289800000000000000e+04
1.741741741741741833e+01,2.636430000000000000e+05,6.080000000000000000e+04
1.751751751751751840e+01,2.683010000000000000e+05,6.093000000000000000e+04
1.761761761761761846e+01,2.630500000000000000e+05,6.083500000000000000e+04
1.771771771771771853e+01,2.635810000000000000e+05,6.195400000000000000e+04
1.781781781781781859e+01,2.683380000000000000e+05,5.854700000000000000e+04
1.791791791791791866e+01,2.639700000000000000e+05,6.053700000000000000e+04
1.801801801801801872e+01,2.674870000000000000e+05,5.927400000000000000e+04
1.811811811811811879e+01,2.630200000000000000e+05,6.283900000000000000e+04
1.821821821821821885e+01,2.594160000000000000e+05,6.175500000000000000e+04
1.831831831831831892e+01,2.641250000000000000e+05,6.034600000000000000e+04
1.841841841841841898e+01,2.675270000000000000e+05,6.007400000000000000e+04
1.851851851851851904e+01,2.745300000000000000e+05,6.481300000000000000e+04
1.861861861861861911e+01,2.740470000000000000e+05,6.384000000000000000e+04
1.871871871871871917e+01,2.720100000000000000e+05,6.441800000000000000e+04
1.881881881881881924e+01,2.646160000000000000e+05,6.198900000000000000e+04
1.891891891891891930e+01,2.670270000000000000e+05,6.240900000000000000e+04
1.901901901901901937e+01,2.728650000000000000e+05,6.367900000000000000e+04
1.911911911911911943e+01,2.677250000000000000e+05,6.246100000000000000e+04
1.921921921921921950e+01,2.628690000000000000e+05,6.084400000000000000e+04
1.931931931931931956e+01,2.692610000000000000e+05,6.106000000000000000e+04
1.941941941941941963e+01,2.686090000000000000e+05,6.325700000000000000e+04
1.951951951951951969e+01,2.723020000000000000e+05,6.519200000000000000e+04
1.961961961961961975e+01,2.688590000000000000e+05,5.925000000000000000e+04
1.971971971971971982e+01,2.680880000000000000e+05,6.025700000000000000e+04
1.981981981981981988e+01,2.748260000000000000e+05,6.411400000000000000e+04
1.991991991991991995e+01,2.694570000000000000e+05,5.981500000000000000e+04
2.002002002002002001e+01,2.713450000000000000e+05,6.070300000000000000e+04
2.012012012012012008e+01,2.756880000000000000e+05,6.479400000000000000e+04
2.022022022022022014e+01,2.944710000000000000e+05,6.529900000000000000e+04
2.032032032032032021e+01,2.799770000000000000e+05,6.505300000000000000e+04
2.042042042042042027e+01,2.886520000000000000e+05,6.457800000000000000e+04
2.052052052052052034e+01,2.809230000000000000e+05,6.713800000000000000e+04
2.062062062062062040e+01,2.843820000000000000e+05,6.581700000000000000e+04
2.072072072072072046e+01,2.818230000000000000e+05,6.605300000000000000e+04
2.082082082082082053e+01,2.910310000000000000e+05,6.664200000000000000e+04
2.092092092092092059e+01,2.792960000000000000e+05,6.560300000000000000e+04
2.102102102102102066e+01,2.853830000000000000e+05,6.721600000000000000e+04
2.112112112112112072e+01,2.794090000000000000e+05,6.753300000000000000e+04
2.122122122122122079e+01,2.790620000000000000e+05,6.519000000000000000e+04
2.132132132132132085e+01,2.758890000000000000e+05,6.296500000000000000e+04
2.142142142142142447e+01,2.664740000000000000e+05,6.350500000000000000e+04
2.152152152152152453e+01,2.664730000000000000e+05,6.359000000000000000e+04
2.162162162162162460e+01,2.618230000000000000e+05,5.857700000000000000e+04
2.172172172172172466e+01,2.704200000000000000e+05,6.160300000000000000e+04
2.182182182182182473e+01,2.679520000000000000e+05,6.270700000000000000e+04
2.192192192192192479e+01,2.710570000000000000e+05,6.215500000000000000e+04
2.202202202202202486e+01,2.737830000000000000e+05,6.120000000000000000e+04
2.212212212212212492e+01,2.835490000000000000e+05,6.634500000000000000e+04
2.222222222222222499e+01,2.669920000000000000e+05,6.275100000000000000e+04
2.232232232232232505e+01,2.749990000000000000e+05,6.364600000000000000e+04
2.242242242242242511e+01,2.827380000000000000e+05,6.304400000000000000e+04
2.252252252252252518e+01,2.827350000000000000e+05,6.309400000000000000e+04
2.262262262262262524e+01,2.851800000000000000e+05,6.678600000000000000e+04
2.272272272272272531e+01,2.753910000000000000e+05,6.440100000000000000e+04
2.282282282282282537e+01,2.850150000000000000e+05,6.463600000000000000e+04
2.292292292292292544e+01,2.990190000000000000e+05,7.008800000000000000e+04
2.302302302302302550e+01,2.847410000000000000e+05,6.705100000000000000e+04
2.312312312312312557e+01,2.845310000000000000e+05,6.620600000000000000e+04
2.322322322322322563e+01,2.906910000000000000e+05,6.399000000000000000e+04
2.332332332332332570e+01,2.974030000000000000e+05,6.418000000000000000e+04
2.342342342342342576e+01,2.980650000000000000e+05,6.949200000000000000e+04
2.352352352352352582e+01,2.942890000000000000e+05,6.443100000000000000e+04
2.362362362362362589e+01,2.936140000000000000e+05,7.754300000000000000e+04
2.372372372372372595e+01,2.854230000000000000e+05,6.301200000000000000e+04
2.382382382382382602e+01,2.910680000000000000e+05,6.704300000000000000e+04
2.392392392392392608e+01,3.036740000000000000e+05,7.080000000000000000e+04
2.402402402402402615e+01,3.099180000000000000e+05,6.960000000000000000e+04
2.412412412412412621e+01,2.899650000000000000e+05,6.488100000000000000e+04
2.422422422422422628e+01,2.942590000000000000e+05,6.682500000000000000e+04
2.432432432432432634e+01,3.065040000000000000e+05,6.616100000000000000e+04
2.442442442442442641e+01,2.974350000000000000e+05,7.125000000000000000e+04
2.452452452452452647e+01,2.881340000000000000e+05,6.659500000000000000e+04
2.462462462462462653e+01,2.785960000000000000e+05,6.378400000000000000e+04
2.472472472472472660e+01,2.924330000000000000e+05,6.701000000000000000e+04
2.482482482482482666e+01,2.793510000000000000e+05,6.371600000000000000e+04
2.492492492492492673e+01,2.800770000000000000e+05,6.291100000000000000e+04
2.502502502502502679e+01,2.748260000000000000e+05,6.258500000000000000e+04
2.512512512512512686e+01,2.697740000000000000e+05,6.234200000000000000e+04
2.522522522522522692e+01,2.758210000000000000e+05,6.612500000000000000e+04
2.532532532532532699e+01,2.877860000000000000e+05,6.142600000000000000e+04
2.542542542542542705e+01,2.847270000000000000e+05,6.318600000000000000e+04
2.552552552552552712e+01,3.000370000000000000e+05,9.254700000000000000e+04
2.562562562562562718e+01,2.800530000000000000e+05,6.243500000000000000e+04
2.572572572572572724e+01,2.825510000000000000e+05,6.833400000000000000e+04
2.582582582582582731e+01,2.928340000000000000e+05,6.433200000000000000e+04
2.592592592592592737e+01,2.804230000000000000e+05,6.327400000000000000e+04
2.602602602602602744e+01,2.988510000000000000e+05,7.024200000000000000e+04
2.612612612612612750e+01,3.093550000000000000e+05,7.060400000000000000e+04
2.622622622622622757e+01,3.103990000000000000e+05,6.679700000000000000e+04
2.632632632632632763e+01,3.170710000000000000e+05,6.994700000000000000e+04
2.642642642642642770e+01,3.054530000000000000e+05,6.651300000000000000e+04
2.652652652652652776e+01,3.192530000000000000e+05,7.328000000000000000e+04
2.662662662662662783e+01,2.999980000000000000e+05,6.832500000000000000e+04
2.672672672672672789e+01,3.041310000000000000e+05,6.838700000000000000e+04
2.682682682682682795e+01,2.821720000000000000e+05,6.514100000000000000e+04
2.692692692692692802e+01,2.843390000000000000e+05,6.071200000000000000e+04
2.702702702702702808e+01,2.793860000000000000e+05,6.148200000000000000e+04
2.712712712712712815e+01,2.742300000000000000e+05,6.234900000000000000e+04
2.722722722722722821e+01,2.896350000000000000e+05,6.476700000000000000e+04
2.732732732732732828e+01,2.989580000000000000e+05,7.059500000000000000e+04
2.742742742742742834e+01,2.933950000000000000e+05,6.444900000000000000e+04
2.752752752752752841e+01,2.974460000000000000e+05,6.719500000000000000e+04
2.762762762762762847e+01,2.969440000000000000e+05,6.938800000000000000e+04
2.772772772772772854e+01,2.884440000000000000e+05,6.677800000000000000e+04
2.782782782782782860e+01,2.922160000000000000e+05,6.658000000000000000e+04
2.792792792792792866e+01,2.853920000000000000e+05,6.559600000000000000e+04
2.802802802802802873e+01,2.901400000000000000e+05,6.397000000000000000e+04
2.812812812812812879e+01,2.944220000000000000e+05,6.924700000000000000e+04
2.822822822822822886e+01,2.955790000000000000e+05,6.813600000000000000e+04
2.832832832832832892e+01,2.965700000000000000e+05,6.676800000000000000e+04
2.842842842842842899e+01,3.060450000000000000e+05,6.976300000000000000e+04
2.852852852852852905e+01,2.975520000000000000e+05,6.777700000000000000e+04
2.862862862862862912e+01,2.865990000000000000e+05,6.442000000000000000e+04
2.872872872872872918e+01,2.920080000000000000e+05,6.686000000000000000e+04
2.882882882882882924e+01,2.847500000000000000e+05,6.713200000000000000e+04
2.892892892892892931e+01,2.795600000000000000e+05,6.465200000000000000e+04
2.902902902902902937e+01,2.799080000000000000e+05,6.566700000000000000e+04
2.912912912912912944e+01,2.843020000000000000e+05,6.567400000000000000e+04
2.922922922922922950e+01,2.827260000000000000e+05,6.805200000000000000e+04
2.932932932932932957e+01,2.749750000000000000e+05,6.263500000000000000e+04
2.942942942942942963e+01,2.729460000000000000e+05,6.255900000000000000e+04
2.952952952952952970e+01,2.791390000000000000e+05,6.583500000000000000e+04
2.962962962962962976e+01,2.753450000000000000e+05,7.401400000000000000e+04
2.972972972972972983e+01,2.787850000000000000e+05,6.237700000000000000e+04
2.982982982982982989e+01,2.785460000000000000e+05,6.487600000000000000e+04
2.992992992992993351e+01,2.664650000000000000e+05,6.279200000000000000e+04
3.003003003003003357e+01,2.682300000000000000e+05,5.935400000000000000e+04
3.013013013013013364e+01,2.636320000000000000e+05,6.268900000000000000e+04
3.023023023023023370e+01,2.856010000000000000e+05,6.730500000000000000e+04
3.033033033033033377e+01,2.973720000000000000e+05,6.747000000000000000e+04
3.043043043043043383e+01,2.740050000000000000e+05,6.300000000000000000e+04
3.053053053053053389e+01,2.869370000000000000e+05,6.537200000000000000e+04
3.063063063063063396e+01,2.730760000000000000e+05,6.089900000000000000e+04
3.073073073073073402e+01,2.898100000000000000e+05,6.883000000000000000e+04
3.083083083083083409e+01,2.838120000000000000e+05,6.606600000000000000e+04
3.093093093093093415e+01,2.911400000000000000e+05,6.515700000000000000e+04
3.103103103103103422e+01,2.821410000000000000e+05,6.416900000000000000e+04
3.113113113113113428e+01,2.974290000000000000e+05,7.223900000000000000e+04
3.123123123123123435e+01,2.772030000000000000e+05,6.642900000000000000e+04
3.133133133133133441e+01,2.760200000000000000e+05,6.686200000000000000e+04
3.143143143143143448e+01,2.933970000000000000e+05,6.630400000000000000e+04
3.153153153153153454e+01,3.022880000000000000e+05,7.049300000000000000e+04
3.163163163163163460e+01,3.035210000000000000e+05,6.625700000000000000e+04
3.173173173173173467e+01,2.909750000000000000e+05,6.550100000000000000e+04
3.183183183183183473e+01,2.884080000000000000e+05,6.402300000000000000e+04
3.193193193193193480e+01,2.745280000000000000e+05,6.374600000000000000e+04
3.203203203203203486e+01,2.751970000000000000e+05,6.515300000000000000e+04
3.213213213213213493e+01,2.957330000000000000e+05,6.843100000000000000e+04
3.223223223223223499e+01,2.904220000000000000e+05,6.372400000000000000e+04
3.233233233233233506e+01,2.898460000000000000e+05,6.558100000000000000e+04
3.243243243243243512e+01,2.889340000000000000e+05,6.576700000000000000e+04
3.253253253253253519e+01,2.949990000000000000e+05,6.425300000000000000e+04
3.263263263263263525e+01,3.053810000000000000e+05,1.221980000000000000e+05
3.273273273273273531e+01,1.996910000000000000e+05,6.400600000000000000e+04
3.283283283283283538e+01,1.556600000000000000e+05,3.855200000000000000e+04
3.293293293293293544e+01,1.558520000000000000e+05,3.747300000000000000e+04
3.303303303303303551e+01,1.600750000000000000e+05,3.761400000000000000e+04
3.313313313313313557e+01,1.610780000000000000e+05,3.739500000000000000e+04
3.323323323323323564e+01,1.554690000000000000e+05,3.796400000000000000e+04
3.333333333333333570e+01,1.563220000000000000e+05,3.666100000000000000e+04
3.343343343343343577e+01,1.596330000000000000e+05,3.647000000000000000e+04
3.353353353353353583e+01,1.580990000000000000e+05,3.625800000000000000e+04
3.363363363363363590e+01,1.575340000000000000e+05,3.647100000000000000e+04
3.373373373373373596e+01,2.362640000000000000e+05,9.804900000000000000e+04
3.383383383383383602e+01,1.909830000000000000e+05,6.408300000000000000e+04
3.393393393393393609e+01,1.584240000000000000e+05,3.634200000000000000e+04
3.403403403403403615e+01,1.576210000000000000e+05,3.594700000000000000e+04
3.413413413413413622e+01,1.570570000000000000e+05,3.735400000000000000e+04
3.423423423423423628e+01,1.547330000000000000e+05,3.667300000000000000e+04
3.433433433433433635e+01,1.575170000000000000e+05,3.668100000000000000e+04
3.443443443443443641e+01,1.536400000000000000e+05,3.567800000000000000e+04
3.453453453453453648e+01,1.559770000000000000e+05,3.658700000000000000e+04
3.463463463463463654e+01,1.551040000000000000e+05,3.581100000000000000e+04
3.473473473473473661e+01,1.550280000000000000e+05,3.657000000000000000e+04
3.483483483483483667e+01,2.372050000000000000e+05,1.108690000000000000e+05
3.493493493493493673e+01,1.842510000000000000e+05,6.538200000000000000e+04
3.503503503503503680e+01,1.581920000000000000e+05,3.591500000000000000e+04
3.513513513513513686e+01,1.577250000000000000e+05,3.573100000000000000e+04
3.523523523523523693e+01,1.569260000000000000e+05,3.645600000000000000e+04
3.533533533533533699e+01,1.548670000000000000e+05,3.681400000000000000e+04
3.543543543543543706e+01,1.549540000000000000e+05,3.665500000000000000e+04
3.553553553553553712e+01,1.568510000000000000e+05,3.691100000000000000e+04
3.563563563563563719e+01,1.591010000000000000e+05,3.576300000000000000e+04
3.573573573573573725e+01,1.577400000000000000e+05,3.737600000000000000e+04
3.583583583583583732e+01,1.584380000000000000e+05,3.818500000000000000e+04
3.593593593593593738e+01,2.365460000000000000e+05,1.022970000000000000e+05
3.603603603603603744e+01,1.967240000000000000e+05,7.193700000000000000e+04
3.613613613613613751e+01,1.560580000000000000e+05,3.832900000000000000e+04
3.623623623623623757e+01,1.524870000000000000e+05,3.637200000000000000e+04
3.633633633633633764e+01,1.537120000000000000e+05,3.771200000000000000e+04
3.643643643643643770e+01,1.556240000000000000e+05,3.724800000000000000e+04
3.653653653653653777e+01,1.559720000000000000e+05,3.631800000000000000e+04
3.663663663663663783e+01,1.576510000000000000e+05,3.587600000000000000e+04
3.673673673673673790e+01,1.603720000000000000e+05,3.606700000000000000e+04
3.683683683683683796e+01,1.579210000000000000e+05,3.724800000000000000e+04
3.693693693693693803e+01,1.548390000000000000e+05,3.732500000000000000e+04
3.703703703703703809e+01,2.215170000000000000e+05,8.797700000000000000e+04
3.713713713713713815e+01,2.602900000000000000e+05,1.228610000000000000e+05
3.723723723723723822e+01,1.852020000000000000e+05,5.752000000000000000e+04
3.733733733733733828e+01,1.571400000000000000e+05,3.705200000000000000e+04
3.743743743743743835e+01,1.566600000000000000e+05,3.718500000000000000e+04
3.753753753753753841e+01,1.556490000000000000e+05,3.659400000000000000e+04
3.763763763763763848e+01,1.539250000000000000e+05,3.629900000000000000e+04
3.773773773773773854e+01,1.555990000000000000e+05,3.642200000000000000e+04
3.783783783783783861e+01,1.570910000000000000e+05,3.664600000000000000e+04
3.793793793793793867e+01,1.583810000000000000e+05,3.654800000000000000e+04
3.803803803803803874e+01,1.569350000000000000e+05,3.589200000000000000e+04
3.813813813813813880e+01,1.559060000000000000e+05,3.662000000000000000e+04
3.823823823823823886e+01,2.320500000000000000e+05,8.714400000000000000e+04
3.833833833833833893e+01,2.636840000000000000e+05,1.230360000000000000e+05
3.843843843843843899e+01,1.840510000000000000e+05,6.394300000000000000e+04
3.853853853853853906e+01,1.562310000000000000e+05,3.691700000000000000e+04
3.863863863863863912e+01,1.560020000000000000e+05,3.542800000000000000e+04
3.873873873873873919e+01,1.550360000000000000e+05,3.656900000000000000e+04
3.883883883883883925e+01,1.561320000000000000e+05,3.640500000000000000e+04
3.893893893893893932e+01,1.559970000000000000e+05,3.721700000000000000e+04
3.903903903903903938e+01,1.555170000000000000e+05,3.630900000000000000e+04
3.913913913913913944e+01,1.565790000000000000e+05,3.770200000000000000e+04
3.923923923923923951e+01,1.578500000000000000e+05,3.721100000000000000e+04
3.933933933933933957e+01,1.577450000000000000e+05,3.657900000000000000e+04
3.943943943943943964e+01,2.236250000000000000e+05,1.007770000000000000e+05
3.953953953953953970e+01,1.842300000000000000e+05,6.099500000000000000e+04
3.963963963963963977e+01,1.591610000000000000e+05,3.575800000000000000e+04
3.973973973973973983e+01,1.590010000000000000e+05,3.676900000000000000e+04
3.983983983983983990e+01,1.585190000000000000e+05,3.665500000000000000e+04
3.993993993993993996e+01,1.576120000000000000e+05,3.633500000000000000e+04
4.004004004004004003e+01,1.570830000000000000e+05,3.612200000000000000e+04
4.014014014014014009e+01,1.628640000000000000e+05,3.649100000000000000e+04
4.024024024024024015e+01,1.617770000000000000e+05,3.670200000000000000e+04
4.034034034034034022e+01,1.553790000000000000e+05,3.606200000000000000e+04
4.044044044044044028e+01,1.565640000000000000e+05,3.512800000000000000e+04
4.054054054054054035e+01,2.316210000000000000e+05,9.347700000000000000e+04
4.064064064064064041e+01,1.847190000000000000e+05,6.264200000000000000e+04
4.074074074074074048e+01,1.573480000000000000e+05,3.573100000000000000e+04
4.084084084084084054e+01,1.563270000000000000e+05,3.784400000000000000e+04
4.094094094094094061e+01,1.578740000000000000e+05,3.684800000000000000e+04
4.104104104104104067e+01,1.592710000000000000e+05,3.730600000000000000e+04
4.114114114114114074e+01,1.565510000000000000e+05,3.731200000000000000e+04
4.124124124124124080e+01,1.545570000000000000e+05,3.644000000000000000e+04
4.134134134134134086e+01,1.571650000000000000e+05,3.693400000000000000e+04
4.144144144144144093e+01,1.556920000000000000e+05,3.698700000000000000e+04
4.154154154154154099e+01,1.596530000000000000e+05,3.673100000000000000e+04
4.164164164164164106e+01,2.326900000000000000e+05,9.342500000000000000e+04
4.174174174174174112e+01,1.908040000000000000e+05,4.752000000000000000e+04
4.184184184184184119e+01,1.594440000000000000e+05,3.656800000000000000e+04
4.194194194194194125e+01,1.605870000000000000e+05,3.675000000000000000e+04
4.204204204204204132e+01,1.559710000000000000e+05,3.596800000000000000e+04
4.214214214214214138e+01,1.597460000000000000e+05,3.752500000000000000e+04
4.224224224224224145e+01,1.561650000000000000e+05,3.592800000000000000e+04
4.234234234234234151e+01,1.574220000000000000e+05,3.630200000000000000e+04
4.244244244244244157e+01,1.559050000000000000e+05,3.684900000000000000e+04
4.254254254254254164e+01,1.580840000000000000e+05,3.521100000000000000e+04
4.264264264264264170e+01,1.563770000000000000e+05,3.670200000000000000e+04
4.274274274274274887e+01,2.240720000000000000e+05,5.359100000000000000e+04
4.284284284284284894e+01,2.613880000000000000e+05,5.882900000000000000e+04
4.294294294294294900e+01,2.610220000000000000e+05,5.791200000000000000e+04
4.304304304304304907e+01,2.576470000000000000e+05,5.879000000000000000e+04
4.314314314314314913e+01,2.598450000000000000e+05,5.815300000000000000e+04
4.324324324324324920e+01,2.625070000000000000e+05,5.719800000000000000e+04
4.334334334334334926e+01,2.578140000000000000e+05,5.881200000000000000e+04
4.344344344344344933e+01,2.638180000000000000e+05,5.710000000000000000e+04
4.354354354354354939e+01,2.549730000000000000e+05,5.884700000000000000e+04
4.364364364364364945e+01,2.553590000000000000e+05,5.774300000000000000e+04
4.374374374374374952e+01,2.578320000000000000e+05,5.832700000000000000e+04
4.384384384384384958e+01,2.638360000000000000e+05,5.889500000000000000e+04
4.394394394394394965e+01,2.592470000000000000e+05,5.828200000000000000e+04
4.404404404404404971e+01,2.583220000000000000e+05,6.151600000000000000e+04
4.414414414414414978e+01,2.631020000000000000e+05,6.027900000000000000e+04
4.424424424424424984e+01,2.637520000000000000e+05,6.062400000000000000e+04
4.434434434434434991e+01,2.639920000000000000e+05,6.049200000000000000e+04
4.444444444444444997e+01,2.595750000000000000e+05,5.870300000000000000e+04
4.454454454454455004e+01,2.583200000000000000e+05,6.164000000000000000e+04
4.464464464464465010e+01,2.629390000000000000e+05,5.806500000000000000e+04
4.474474474474475016e+01,2.666020000000000000e+05,6.044400000000000000e+04
4.484484484484485023e+01,2.597900000000000000e+05,5.874100000000000000e+04
4.494494494494495029e+01,2.636080000000000000e+05,5.824400000000000000e+04
4.504504504504505036e+01,2.647280000000000000e+05,6.091400000000000000e+04
4.514514514514515042e+01,2.761680000000000000e+05,6.029600000000000000e+04
4.524524524524525049e+01,2.740280000000000000e+05,6.007100000000000000e+04
4.534534534534535055e+01,2.771480000000000000e+05,6.399500000000000000e+04
4.544544544544545062e+01,2.790760000000000000e+05,6.073000000000000000e+04
4.554554554554555068e+01,2.729910000000000000e+05,6.137600000000000000e+04
4.564564564564565075e+01,2.721140000000000000e+05,6.029200000000000000e+04
4.574574574574575081e+01,2.711680000000000000e+05,6.200800000000000000e+04
4.584584584584585087e+01,2.758580000000000000e+05,6.280600000000000000e+04
4.594594594594595094e+01,2.769560000000000000e+05,6.135000000000000000e+04
4.604604604604605100e+01,2.738840000000000000e+05,6.404900000000000000e+04
4.614614614614615107e+01,2.641830000000000000e+05,6.263400000000000000e+04
4.624624624624625113e+01,2.695130000000000000e+05,6.151300000000000000e+04
4.634634634634635120e+01,2.774020000000000000e+05,6.287500000000000000e+04
4.644644644644645126e+01,2.696760000000000000e+05,6.341400000000000000e+04
4.654654654654655133e+01,2.739480000000000000e+05,6.043400000000000000e+04
4.664664664664665139e+01,2.671300000000000000e+05,6.315200000000000000e+04
4.674674674674675146e+01,2.706870000000000000e+05,6.274400000000000000e+04
4.684684684684685152e+01,2.860770000000000000e+05,6.348500000000000000e+04
4.694694694694695158e+01,2.795040000000000000e+05,6.180000000000000000e+04
4.704704704704705165e+01,2.737240000000000000e+05,5.901600000000000000e+04
4.714714714714715171e+01,2.809700000000000000e+05,6.262000000000000000e+04
4.724724724724725178e+01,2.748910000000000000e+05,6.047000000000000000e+04
4.734734734734735184e+01,2.727490000000000000e+05,5.931700000000000000e+04
4.744744744744745191e+01,2.747700000000000000e+05,6.226100000000000000e+04
4.754754754754755197e+01,2.685880000000000000e+05,6.057900000000000000e+04
4.764764764764765204e+01,2.869670000000000000e+05,6.804700000000000000e+04
4.774774774774775210e+01,2.688660000000000000e+05,6.048300000000000000e+04
4.784784784784785217e+01,2.743310000000000000e+05,6.265600000000000000e+04
4.794794794794795223e+01,2.738720000000000000e+05,6.463200000000000000e+04
4.804804804804805229e+01,2.784640000000000000e+05,6.650000000000000000e+04
4.814814814814815236e+01,2.651280000000000000e+05,5.848900000000000000e+04
4.824824824824825242e+01,2.722160000000000000e+05,6.518800000000000000e+04
4.834834834834835249e+01,2.869500000000000000e+05,6.698600000000000000e+04
4.844844844844845255e+01,2.829990000000000000e+05,6.562600000000000000e+04
4.854854854854855262e+01,2.813770000000000000e+05,6.560100000000000000e+04
4.864864864864865268e+01,2.759160000000000000e+05,6.251500000000000000e+04
4.874874874874875275e+01,2.844880000000000000e+05,6.423200000000000000e+04
4.884884884884885281e+01,2.831580000000000000e+05,6.984700000000000000e+04
4.894894894894895288e+01,2.793090000000000000e+05,6.279100000000000000e+04
4.904904904904905294e+01,2.802860000000000000e+05,1.242260000000000000e+05
4.914914914914915300e+01,1.892090000000000000e+05,6.100900000000000000e+04
4.924924924924925307e+01,1.579570000000000000e+05,3.827300000000000000e+04
4.934934934934935313e+01,1.554700000000000000e+05,3.813300000000000000e+04
4.944944944944945320e+01,1.560070000000000000e+05,3.820800000000000000e+04
4.954954954954955326e+01,1.596180000000000000e+05,3.654400000000000000e+04
4.964964964964965333e+01,1.577620000000000000e+05,3.683100000000000000e+04
4.974974974974975339e+01,1.573300000000000000e+05,3.632200000000000000e+04
4.984984984984985346e+01,1.567000000000000000e+05,3.649100000000000000e+04
4.994994994994995352e+01,1.577530000000000000e+05,3.856400000000000000e+04
5.005005005005005358e+01,1.590140000000000000e+05,3.708500000000000000e+04
5.015015015015015365e+01,2.369760000000000000e+05,9.886500000000000000e+04
5.025025025025025371e+01,1.899500000000000000e+05,6.391700000000000000e+04
5.035035035035035378e+01,1.557760000000000000e+05,3.696300000000000000e+04
5.045045045045045384e+01,1.602810000000000000e+05,3.759300000000000000e+04
5.055055055055055391e+01,1.626370000000000000e+05,3.680800000000000000e+04
5.065065065065065397e+01,1.587440000000000000e+05,3.765500000000000000e+04
5.075075075075075404e+01,1.613830000000000000e+05,3.749100000000000000e+04
5.085085085085085410e+01,1.550700000000000000e+05,3.639100000000000000e+04
5.095095095095095417e+01,1.603480000000000000e+05,3.685900000000000000e+04
5.105105105105105423e+01,1.571490000000000000e+05,3.768500000000000000e+04
5.115115115115115429e+01,1.615860000000000000e+05,3.703900000000000000e+04
5.125125125125125436e+01,2.292050000000000000e+05,6.815600000000000000e+04
5.135135135135135442e+01,2.637020000000000000e+05,6.098500000000000000e+04
5.145145145145145449e+01,2.759250000000000000e+05,6.124300000000000000e+04
5.155155155155155455e+01,2.767460000000000000e+05,6.467700000000000000e+04
5.165165165165165462e+01,2.755970000000000000e+05,6.432900000000000000e+04
5.175175175175175468e+01,2.845470000000000000e+05,6.766300000000000000e+04
5.185185185185185475e+01,2.769960000000000000e+05,5.893600000000000000e+04
5.195195195195195481e+01,2.722620000000000000e+05,5.989100000000000000e+04
5.205205205205205488e+01,2.644320000000000000e+05,6.335800000000000000e+04
5.215215215215215494e+01,2.648070000000000000e+05,6.238000000000000000e+04
5.225225225225225500e+01,2.687460000000000000e+05,6.178700000000000000e+04
5.235235235235235507e+01,2.790610000000000000e+05,6.260100000000000000e+04
5.245245245245245513e+01,2.669160000000000000e+05,6.129300000000000000e+04
5.255255255255255520e+01,2.664550000000000000e+05,6.155000000000000000e+04
5.265265265265265526e+01,2.698220000000000000e+05,6.340200000000000000e+04
5.275275275275275533e+01,2.644100000000000000e+05,6.077500000000000000e+04
5.285285285285285539e+01,2.652390000000000000e+05,5.964900000000000000e+04
5.295295295295295546e+01,2.716220000000000000e+05,5.903100000000000000e+04
5.305305305305305552e+01,2.675720000000000000e+05,5.905600000000000000e+04
5.315315315315315559e+01,2.710760000000000000e+05,5.805200000000000000e+04
5.325325325325325565e+01,2.727670000000000000e+05,5.896500000000000000e+04
5.335335335335335571e+01,2.653990000000000000e+05,6.217500000000000000e+04
5.345345345345345578e+01,2.739790000000000000e+05,6.206300000000000000e+04
5.355355355355355584e+01,2.750870000000000000e+05,6.613400000000000000e+04
5.365365365365365591e+01,2.751280000000000000e+05,6.274700000000000000e+04
5.375375375375375597e+01,2.886070000000000000e+05,6.309700000000000000e+04
5.385385385385385604e+01,2.693510000000000000e+05,6.170900000000000000e+04
5.395395395395395610e+01,2.739350000000000000e+05,6.206000000000000000e+04
5.405405405405405617e+01,2.828040000000000000e+05,6.315600000000000000e+04
5.415415415415415623e+01,2.783130000000000000e+05,6.384200000000000000e+04
5.425425425425425630e+01,2.629210000000000000e+05,6.010700000000000000e+04
5.435435435435435636e+01,2.626630000000000000e+05,6.166700000000000000e+04
5.445445445445445642e+01,2.672690000000000000e+05,5.846700000000000000e+04
5.455455455455455649e+01,2.760540000000000000e+05,6.200300000000000000e+04
5.465465465465465655e+01,2.633970000000000000e+05,5.875000000000000000e+04
5.475475475475475662e+01,2.607210000000000000e+05,5.977000000000000000e+04
5.485485485485485668e+01,2.618110000000000000e+05,6.120100000000000000e+04
5.495495495495495675e+01,2.632870000000000000e+05,5.984000000000000000e+04
5.505505505505505681e+01,2.681050000000000000e+05,5.957600000000000000e+04
5.515515515515515688e+01,2.666420000000000000e+05,5.962100000000000000e+04
5.525525525525525694e+01,2.615110000000000000e+05,6.267500000000000000e+04
5.535535535535535701e+01,2.640490000000000000e+05,6.118800000000000000e+04
5.545545545545545707e+01,2.748980000000000000e+05,6.404800000000000000e+04
5.555555555555555713e+01,2.732960000000000000e+05,6.274000000000000000e+04
5.565565565565565720e+01,2.797670000000000000e+05,6.167200000000000000e+04
5.575575575575575726e+01,2.718660000000000000e+05,5.917700000000000000e+04
5.585585585585585733e+01,2.745410000000000000e+05,6.189500000000000000e+04
5.595595595595595739e+01,2.762230000000000000e+05,6.475500000000000000e+04
5.605605605605605746e+01,2.678760000000000000e+05,6.403900000000000000e+04
5.615615615615615752e+01,2.747270000000000000e+05,6.279500000000000000e+04
5.625625625625625759e+01,2.741430000000000000e+05,6.529400000000000000e+04
5.635635635635635765e+01,2.733250000000000000e+05,5.955400000000000000e+04
5.645645645645645772e+01,2.672370000000000000e+05,6.200900000000000000e+04
5.655655655655655778e+01,2.749410000000000000e+05,6.189600000000000000e+04
5.665665665665665784e+01,2.673390000000000000e+05,6.343200000000000000e+04
5.675675675675675791e+01,2.807050000000000000e+05,6.025600000000000000e+04
5.685685685685685797e+01,2.702810000000000000e+05,6.246200000000000000e+04
5.695695695695695804e+01,2.712460000000000000e+05,6.131800000000000000e+04
5.705705705705705810e+01,2.712590000000000000e+05,6.294900000000000000e+04
5.715715715715715817e+01,2.729970000000000000e+05,6.394800000000000000e+04
5.725725725725725823e+01,2.755170000000000000e+05,6.319100000000000000e+04
5.735735735735735830e+01,2.783920000000000000e+05,6.304900000000000000e+04
5.745745745745745836e+01,2.881330000000000000e+05,8.481600000000000000e+04
5.755755755755755843e+01,2.843170000000000000e+05,8.107400000000000000e+04
5.765765765765765849e+01,2.762230000000000000e+05,6.292000000000000000e+04
5.775775775775775855e+01,2.657110000000000000e+05,6.257900000000000000e+04
5.785785785785785862e+01,2.744160000000000000e+05,6.317100000000000000e+04
5.795795795795795868e+01,2.673370000000000000e+05,6.009200000000000000e+04
5.805805805805805875e+01,2.704510000000000000e+05,5.967900000000000000e+04
5.815815815815815881e+01,2.652330000000000000e+05,5.913100000000000000e+04
5.825825825825825888e+01,2.710950000000000000e+05,6.167600000000000000e+04
5.835835835835835894e+01,2.740030000000000000e+05,6.536800000000000000e+04
5.845845845845845901e+01,2.663420000000000000e+05,6.353600000000000000e+04
5.855855855855855907e+01,2.704850000000000000e+05,6.329700000000000000e+04
5.865865865865865914e+01,2.705690000000000000e+05,6.120400000000000000e+04
5.875875875875875920e+01,2.740140000000000000e+05,6.360600000000000000e+04
5.885885885885885926e+01,2.776740000000000000e+05,6.529900000000000000e+04
5.895895895895895933e+01,2.835900000000000000e+05,6.243700000000000000e+04
5.905905905905905939e+01,2.759510000000000000e+05,6.302100000000000000e+04
5.915915915915915946e+01,2.766470000000000000e+05,6.245400000000000000e+04
5.925925925925925952e+01,2.805110000000000000e+05,6.411800000000000000e+04
5.935935935935935959e+01,2.794760000000000000e+05,6.293200000000000000e+04
5.945945945945945965e+01,2.750140000000000000e+05,6.329700000000000000e+04
5.955955955955955972e+01,2.696760000000000000e+05,6.332700000000000000e+04
5.965965965965965978e+01,2.758670000000000000e+05,6.432200000000000000e+04
5.975975975975975985e+01,2.707800000000000000e+05,6.376800000000000000e+04
5.985985985985986702e+01,2.693790000000000000e+05,6.308200000000000000e+04
5.995995995995996708e+01,2.704330000000000000e+05,6.435900000000000000e+04
6.006006006006006714e+01,2.678450000000000000e+05,6.340800000000000000e+04
6.016016016016016721e+01,2.641550000000000000e+05,5.855700000000000000e+04
6.026026026026026727e+01,2.677540000000000000e+05,6.250800000000000000e+04
6.036036036036036734e+01,2.591380000000000000e+05,6.385500000000000000e+04
6.046046046046046740e+01,2.581120000000000000e+05,6.321600000000000000e+04
6.056056056056056747e+01,2.667660000000000000e+05,6.098500000000000000e+04
6.066066066066066753e+01,2.662360000000000000e+05,6.346600000000000000e+04
6.076076076076076760e+01,2.601160000000000000e+05,5.945400000000000000e+04
6.086086086086086766e+01,2.729480000000000000e+05,6.568200000000000000e+04
6.096096096096096772e+01,2.662010000000000000e+05,6.514100000000000000e+04
6.106106106106106779e+01,2.717950000000000000e+05,6.316800000000000000e+04
6.116116116116116785e+01,2.803470000000000000e+05,6.257700000000000000e+04
6.126126126126126792e+01,2.721600000000000000e+05,6.488800000000000000e+04
6.136136136136136798e+01,2.708510000000000000e+05,6.214600000000000000e+04
6.146146146146146805e+01,2.726680000000000000e+05,6.230900000000000000e+04
6.156156156156156811e+01,2.689600000000000000e+05,6.417000000000000000e+04
6.166166166166166818e+01,2.745110000000000000e+05,6.210400000000000000e+04
6.176176176176176824e+01,2.748950000000000000e+05,6.467900000000000000e+04
6.186186186186186831e+01,2.714060000000000000e+05,6.477700000000000000e+04
6.196196196196196837e+01,2.772800000000000000e+05,6.257600000000000000e+04
6.206206206206206843e+01,2.712830000000000000e+05,6.110400000000000000e+04
6.216216216216216850e+01,2.784550000000000000e+05,6.298600000000000000e+04
6.226226226226226856e+01,2.724610000000000000e+05,6.570100000000000000e+04
6.236236236236236863e+01,2.701720000000000000e+05,6.368900000000000000e+04
6.246246246246246869e+01,2.701120000000000000e+05,6.086100000000000000e+04
6.256256256256256876e+01,2.659090000000000000e+05,5.861200000000000000e+04
6.266266266266266882e+01,2.725290000000000000e+05,6.282200000000000000e+04
6.276276276276276889e+01,2.724230000000000000e+05,5.770300000000000000e+04
6.286286286286286895e+01,2.750730000000000000e+05,6.190200000000000000e+04
6.296296296296296902e+01,2.645990000000000000e+05,5.983900000000000000e+04
6.306306306306306908e+01,2.705150000000000000e+05,6.074600000000000000e+04
6.316316316316316914e+01,2.775880000000000000e+05,6.339500000000000000e+04
6.326326326326326921e+01,2.760910000000000000e+05,6.527100000000000000e+04
6.336336336336336927e+01,2.783980000000000000e+05,6.436100000000000000e+04
6.346346346346346934e+01,2.863290000000000000e+05,6.866700000000000000e+04
6.356356356356356940e+01,2.837390000000000000e+05,6.397900000000000000e+04
6.366366366366366947e+01,2.810200000000000000e+05,6.357600000000000000e+04
6.376376376376376953e+01,2.797690000000000000e+05,6.877900000000000000e+04
6.386386386386386960e+01,2.711460000000000000e+05,6.670000000000000000e+04
6.396396396396396966e+01,2.798450000000000000e+05,6.490400000000000000e+04
6.406406406406406973e+01,2.703310000000000000e+05,6.271900000000000000e+04
6.416416416416416268e+01,2.735780000000000000e+05,6.239700000000000000e+04
6.426426426426426985e+01,2.776750000000000000e+05,6.205800000000000000e+04
6.436436436436436281e+01,2.702520000000000000e+05,6.339900000000000000e+04
6.446446446446446998e+01,2.633460000000000000e+05,6.239200000000000000e+04
6.456456456456456294e+01,2.656240000000000000e+05,6.100000000000000000e+04
6.466466466466467011e+01,2.636110000000000000e+05,6.394400000000000000e+04
6.476476476476476307e+01,2.763330000000000000e+05,6.524800000000000000e+04
6.486486486486487024e+01,2.690210000000000000e+05,6.230000000000000000e+04
6.496496496496496320e+01,2.677600000000000000e+05,6.493500000000000000e+04
6.506506506506507037e+01,2.732960000000000000e+05,6.328700000000000000e+04
6.516516516516516333e+01,2.726160000000000000e+05,6.515500000000000000e+04
6.526526526526527050e+01,2.634220000000000000e+05,6.193700000000000000e+04
6.536536536536536346e+01,2.738210000000000000e+05,6.450000000000000000e+04
6.546546546546547063e+01,2.702760000000000000e+05,6.298300000000000000e+04
6.556556556556556359e+01,2.774730000000000000e+05,6.120300000000000000e+04
6.566566566566567076e+01,2.714660000000000000e+05,6.326500000000000000e+04
6.576576576576576372e+01,2.809330000000000000e+05,6.790500000000000000e+04
6.586586586586587089e+01,2.658400000000000000e+05,6.590200000000000000e+04
6.596596596596596385e+01,2.717150000000000000e+05,6.004700000000000000e+04
6.606606606606607102e+01,2.815780000000000000e+05,6.552400000000000000e+04
6.616616616616616398e+01,2.769340000000000000e+05,6.285100000000000000e+04
6.626626626626627115e+01,2.825910000000000000e+05,6.610500000000000000e+04
6.636636636636636410e+01,2.878940000000000000e+05,6.445100000000000000e+04
6.646646646646647127e+01,2.717180000000000000e+05,6.099200000000000000e+04
6.656656656656656423e+01,2.695960000000000000e+05,6.192200000000000000e+04
6.666666666666667140e+01,2.681280000000000000e+05,6.174600000000000000e+04
6.676676676676676436e+01,2.608030000000000000e+05,6.066000000000000000e+04
6.686686686686687153e+01,2.686690000000000000e+05,6.121200000000000000e+04
6.696696696696696449e+01,2.753080000000000000e+05,6.027600000000000000e+04
6.706706706706707166e+01,2.770970000000000000e+05,6.349900000000000000e+04
6.716716716716716462e+01,2.649300000000000000e+05,5.948300000000000000e+04
6.726726726726727179e+01,2.798750000000000000e+05,6.448200000000000000e+04
6.736736736736736475e+01,2.892400000000000000e+05,6.523400000000000000e+04
6.746746746746747192e+01,2.697010000000000000e+05,5.914500000000000000e+04
6.756756756756756488e+01,2.759630000000000000e+05,6.282000000000000000e+04
6.766766766766767205e+01,2.865530000000000000e+05,6.660600000000000000e+04
6.776776776776776501e+01,2.823430000000000000e+05,6.524900000000000000e+04
6.786786786786787218e+01,2.907140000000000000e+05,6.705400000000000000e+04
6.796796796796796514e+01,2.925400000000000000e+05,6.877200000000000000e+04
6.806806806806807231e+01,2.819030000000000000e+05,6.388100000000000000e+04
6.816816816816816527e+01,2.830620000000000000e+05,6.600400000000000000e+04
6.826826826826827244e+01,2.801970000000000000e+05,6.543500000000000000e+04
6.836836836836837961e+01,2.841530000000000000e+05,6.480200000000000000e+04
6.846846846846847257e+01,2.786150000000000000e+05,6.380800000000000000e+04
6.856856856856857974e+01,2.887000000000000000e+05,6.554000000000000000e+04
6.866866866866867269e+01,2.739110000000000000e+05,6.467900000000000000e+04
6.876876876876877986e+01,2.849770000000000000e+05,6.410000000000000000e+04
6.886886886886887282e+01,2.702630000000000000e+05,6.381200000000000000e+04
6.896896896896897999e+01,2.876910000000000000e+05,6.781400000000000000e+04
6.906906906906907295e+01,2.754650000000000000e+05,6.293700000000000000e+04
6.916916916916918012e+01,2.783550000000000000e+05,6.695000000000000000e+04
6.926926926926927308e+01,2.818180000000000000e+05,6.262800000000000000e+04
6.936936936936938025e+01,2.719590000000000000e+05,6.180500000000000000e+04
6.946946946946947321e+01,2.956310000000000000e+05,6.590400000000000000e+04
6.956956956956958038e+01,2.888820000000000000e+05,6.999800000000000000e+04
6.966966966966967334e+01,2.791290000000000000e+05,6.386000000000000000e+04
6.976976976976978051e+01,2.791710000000000000e+05,6.220800000000000000e+04
6.986986986986987347e+01,2.762530000000000000e+05,7.369600000000000000e+04
6.996996996996998064e+01,2.740630000000000000e+05,1.409590000000000000e+05
7.007007007007007360e+01,2.027720000000000000e+05,7.415000000000000000e+04
7.017017017017018077e+01,1.593490000000000000e+05,3.631500000000000000e+04
7.027027027027027373e+01,1.591930000000000000e+05,3.796900000000000000e+04
7.037037037037038090e+01,1.574640000000000000e+05,3.648300000000000000e+04
7.047047047047047386e+01,1.559400000000000000e+05,3.826100000000000000e+04
7.057057057057058103e+01,1.574280000000000000e+05,3.692000000000000000e+04
7.067067067067067399e+01,1.601110000000000000e+05,3.790400000000000000e+04
7.077077077077078116e+01,1.591550000000000000e+05,3.838000000000000000e+04
7.087087087087087411e+01,1.558360000000000000e+05,3.749100000000000000e+04
7.097097097097098128e+01,1.581030000000000000e+05,3.841500000000000000e+04
7.107107107107107424e+01,2.262490000000000000e+05,9.784300000000000000e+04
7.117117117117118141e+01,1.870160000000000000e+05,6.211400000000000000e+04
7.127127127127127437e+01,1.561530000000000000e+05,3.815700000000000000e+04
7.137137137137138154e+01,1.559440000000000000e+05,3.599600000000000000e+04
7.147147147147147450e+01,1.594100000000000000e+05,3.855700000000000000e+04
7.157157157157158167e+01,1.558800000000000000e+05,3.864500000000000000e+04
7.167167167167167463e+01,1.598990000000000000e+05,3.744100000000000000e+04
7.177177177177178180e+01,1.560310000000000000e+05,3.754000000000000000e+04
7.187187187187187476e+01,1.576510000000000000e+05,3.756800000000000000e+04
7.197197197197198193e+01,1.580160000000000000e+05,3.555800000000000000e+04
7.207207207207207489e+01,1.575050000000000000e+05,3.709900000000000000e+04
7.217217217217218206e+01,2.362020000000000000e+05,1.040720000000000000e+05
7.227227227227227502e+01,1.886360000000000000e+05,6.541100000000000000e+04
7.237237237237238219e+01,1.593620000000000000e+05,3.681400000000000000e+04
7.247247247247247515e+01,1.574630000000000000e+05,3.744600000000000000e+04
7.257257257257258232e+01,1.557990000000000000e+05,3.704200000000000000e+04
7.267267267267267528e+01,1.591250000000000000e+05,3.729700000000000000e+04
7.277277277277278245e+01,1.550580000000000000e+05,3.663800000000000000e+04
7.287287287287287540e+01,1.590610000000000000e+05,3.810100000000000000e+04
7.297297297297298257e+01,1.581490000000000000e+05,3.772700000000000000e+04
7.307307307307307553e+01,1.575690000000000000e+05,3.826900000000000000e+04
7.317317317317318270e+01,1.551160000000000000e+05,3.644000000000000000e+04
7.327327327327327566e+01,2.361280000000000000e+05,9.872300000000000000e+04
7.337337337337338283e+01,1.832280000000000000e+05,6.462200000000000000e+04
7.347347347347347579e+01,1.557850000000000000e+05,3.667100000000000000e+04
7.357357357357358296e+01,1.543010000000000000e+05,3.693900000000000000e+04
7.367367367367367592e+01,1.538970000000000000e+05,3.755000000000000000e+04
7.377377377377378309e+01,1.569120000000000000e+05,3.677300000000000000e+04
7.387387387387387605e+01,1.550350000000000000e+05,3.665400000000000000e+04
7.397397397397398322e+01,1.601370000000000000e+05,3.689700000000000000e+04
7.407407407407407618e+01,1.559730000000000000e+05,3.685300000000000000e+04
7.417417417417418335e+01,1.583380000000000000e+05,3.676600000000000000e+04
7.427427427427427631e+01,1.590540000000000000e+05,3.596700000000000000e+04
7.437437437437438348e+01,2.282580000000000000e+05,9.742100000000000000e+04
7.447447447447447644e+01,1.896070000000000000e+05,6.622000000000000000e+04
7.457457457457458361e+01,1.559370000000000000e+05,3.746000000000000000e+04
7.467467467467467657e+01,1.594940000000000000e+05,3.717800000000000000e+04
7.477477477477478374e+01,1.582550000000000000e+05,3.661600000000000000e+04
7.487487487487487670e+01,1.562690000000000000e+05,3.827900000000000000e+04
7.497497497497498387e+01,1.564560000000000000e+05,3.736800000000000000e+04
7.507507507507507682e+01,1.588310000000000000e+05,3.730900000000000000e+04
7.517517517517518399e+01,1.584450000000000000e+05,3.758900000000000000e+04
7.527527527527527695e+01,1.613940000000000000e+05,3.754700000000000000e+04
7.537537537537538412e+01,1.565910000000000000e+05,3.714900000000000000e+04
7.547547547547547708e+01,2.289130000000000000e+05,7.497600000000000000e+04
7.557557557557558425e+01,2.582270000000000000e+05,6.194800000000000000e+04
7.567567567567567721e+01,2.593750000000000000e+05,6.397800000000000000e+04
7.577577577577578438e+01,2.671780000000000000e+05,6.138000000000000000e+04
7.587587587587587734e+01,2.731810000000000000e+05,6.380700000000000000e+04
7.597597597597598451e+01,2.770430000000000000e+05,6.145300000000000000e+04
7.607607607607607747e+01,2.743550000000000000e+05,5.782000000000000000e+04
7.617617617617618464e+01,2.742600000000000000e+05,6.281900000000000000e+04
7.627627627627627760e+01,2.686150000000000000e+05,6.285000000000000000e+04
7.637637637637638477e+01,2.716470000000000000e+05,6.319600000000000000e+04
7.647647647647647773e+01,2.637200000000000000e+05,6.173400000000000000e+04
7.657657657657658490e+01,2.656840000000000000e+05,6.102700000000000000e+04
7.667667667667667786e+01,2.634370000000000000e+05,5.805200000000000000e+04
7.677677677677678503e+01,2.598920000000000000e+05,5.932000000000000000e+04
7.687687687687687799e+01,2.564870000000000000e+05,5.910400000000000000e+04
7.697697697697698516e+01,2.625520000000000000e+05,6.054100000000000000e+04
7.707707707707707812e+01,2.577410000000000000e+05,6.160200000000000000e+04
7.717717717717718529e+01,2.588980000000000000e+05,5.903500000000000000e+04
7.727727727727727824e+01,2.597500000000000000e+05,5.894800000000000000e+04
7.737737737737738541e+01,2.579860000000000000e+05,5.922700000000000000e+04
7.747747747747747837e+01,2.561890000000000000e+05,6.193600000000000000e+04
7.757757757757758554e+01,2.620520000000000000e+05,5.955000000000000000e+04
7.767767767767767850e+01,2.615920000000000000e+05,5.992700000000000000e+04
7.777777777777778567e+01,2.566150000000000000e+05,6.087300000000000000e+04
7.787787787787787863e+01,2.593750000000000000e+05,6.101200000000000000e+04
7.797797797797798580e+01,2.617920000000000000e+05,6.302200000000000000e+04
7.807807807807807876e+01,2.612610000000000000e+05,6.097400000000000000e+04
7.817817817817818593e+01,2.693020000000000000e+05,6.127300000000000000e+04
7.827827827827827889e+01,2.608290000000000000e+05,6.025700000000000000e+04
7.837837837837838606e+01,2.660680000000000000e+05,6.019600000000000000e+04
7.847847847847847902e+01,2.660820000000000000e+05,5.965300000000000000e+04
7.857857857857858619e+01,2.659360000000000000e+05,6.219100000000000000e+04
7.867867867867867915e+01,2.622040000000000000e+05,6.128100000000000000e+04
7.877877877877878632e+01,2.619170000000000000e+05,6.186200000000000000e+04
7.887887887887887928e+01,2.689190000000000000e+05,6.272000000000000000e+04
7.897897897897898645e+01,2.637820000000000000e+05,6.292600000000000000e+04
7.907907907907907941e+01,2.616510000000000000e+05,6.364000000000000000e+04
7.917917917917918658e+01,2.692430000000000000e+05,6.326500000000000000e+04
7.927927927927927954e+01,2.601300000000000000e+05,6.321300000000000000e+04
7.937937937937938671e+01,2.691140000000000000e+05,6.251700000000000000e+04
7.947947947947947966e+01,2.683050000000000000e+05,6.111600000000000000e+04
7.957957957957958683e+01,2.675090000000000000e+05,6.391600000000000000e+04
7.967967967967967979e+01,2.664310000000000000e+05,6.112200000000000000e+04
7.977977977977978696e+01,2.646000000000000000e+05,6.296300000000000000e+04
7.987987987987987992e+01,2.659150000000000000e+05,6.259300000000000000e+04
7.997997997997998709e+01,2.658920000000000000e+05,6.237200000000000000e+04
8.008008008008008005e+01,2.655630000000000000e+05,6.147000000000000000e+04
8.018018018018018722e+01,2.655470000000000000e+05,6.366300000000000000e+04
8.028028028028028018e+01,2.641410000000000000e+05,6.346000000000000000e+04
8.038038038038038735e+01,2.679610000000000000e+05,6.113400000000000000e+04
8.048048048048048031e+01,2.718170000000000000e+05,6.439100000000000000e+04
8.058058058058058748e+01,2.614720000000000000e+05,6.286600000000000000e+04
8.068068068068068044e+01,2.668740000000000000e+05,6.291400000000000000e+04
8.078078078078078761e+01,2.706500000000000000e+05,6.201500000000000000e+04
8.088088088088088057e+01,2.693860000000000000e+05,6.179300000000000000e+04
8.098098098098098774e+01,2.646670000000000000e+05,6.228000000000000000e+04
8.108108108108108070e+01,2.688690000000000000e+05,6.130100000000000000e+04
8.118118118118118787e+01,2.656400000000000000e+05,5.977200000000000000e+04
8.128128128128128083e+01,2.658760000000000000e+05,6.419200000000000000e+04
8.138138138138138800e+01,2.722090000000000000e+05,5.963400000000000000e+04
8.148148148148148096e+01,2.596840000000000000e+05,6.357700000000000000e+04
8.158158158158158813e+01,2.630580000000000000e+05,6.099500000000000000e+04
8.168168168168168108e+01,2.663140000000000000e+05,6.248400000000000000e+04
8.178178178178178825e+01,2.660430000000000000e+05,6.371700000000000000e+04
8.188188188188188121e+01,2.619510000000000000e+05,6.152600000000000000e+04
8.198198198198198838e+01,2.644090000000000000e+05,5.946400000000000000e+04
8.208208208208208134e+01,2.622690000000000000e+05,5.872700000000000000e+04
8.218218218218218851e+01,2.710710000000000000e+05,6.344900000000000000e+04
8.228228228228228147e+01,2.587230000000000000e+05,6.268900000000000000e+04
8.238238238238238864e+01,2.631060000000000000e+05,6.112400000000000000e+04
8.248248248248248160e+01,2.603830000000000000e+05,6.209400000000000000e+04
8.258258258258258877e+01,2.667340000000000000e+05,6.409800000000000000e+04
8.268268268268268173e+01,2.666070000000000000e+05,6.107800000000000000e+04
8.278278278278278890e+01,2.657120000000000000e+05,6.359100000000000000e+04
8.288288288288288186e+01,2.622870000000000000e+05,6.284000000000000000e+04
8.298298298298298903e+01,2.643560000000000000e+05,6.451000000000000000e+04
8.308308308308308199e+01,2.685250000000000000e+05,6.279700000000000000e+04
8.318318318318318916e+01,2.610770000000000000e+05,6.170300000000000000e+04
8.328328328328328212e+01,2.628040000000000000e+05,6.282200000000000000e+04
8.338338338338338929e+01,2.692120000000000000e+05,6.159200000000000000e+04
8.348348348348348225e+01,2.570670000000000000e+05,5.768200000000000000e+04
8.358358358358358942e+01,2.631530000000000000e+05,6.088900000000000000e+04
8.368368368368368237e+01,2.621760000000000000e+05,6.131000000000000000e+04
8.378378378378378954e+01,2.620960000000000000e+05,6.029500000000000000e+04
8.388388388388388250e+01,2.677140000000000000e+05,6.104600000000000000e+04
8.398398398398398967e+01,2.614280000000000000e+05,6.106400000000000000e+04
8.408408408408408263e+01,2.630850000000000000e+05,5.882100000000000000e+04
8.418418418418418980e+01,2.659410000000000000e+05,6.157100000000000000e+04
8.428428428428428276e+01,2.666970000000000000e+05,6.202300000000000000e+04
8.438438438438438993e+01,2.643990000000000000e+05,6.201500000000000000e+04
8.448448448448448289e+01,2.604530000000000000e+05,6.038500000000000000e+04
8.458458458458459006e+01,2.679240000000000000e+05,6.305800000000000000e+04
8.468468468468468302e+01,2.651400000000000000e+05,6.326800000000000000e+04
8.478478478478479019e+01,2.678340000000000000e+05,6.120400000000000000e+04
8.488488488488488315e+01,2.736740000000000000e+05,6.066000000000000000e+04
8.498498498498499032e+01,2.698720000000000000e+05,6.161800000000000000e+04
8.508508508508508328e+01,2.664200000000000000e+05,6.096800000000000000e+04
8.518518518518519045e+01,2.689610000000000000e+05,6.380200000000000000e+04
8.528528528528528341e+01,2.724580000000000000e+05,6.307100000000000000e+04
8.538538538538539058e+01,2.659870000000000000e+05,6.193100000000000000e+04
8.548548548548549775e+01,2.706240000000000000e+05,6.264500000000000000e+04
8.558558558558559071e+01,2.721640000000000000e+05,6.511200000000000000e+04
8.568568568568569788e+01,2.646280000000000000e+05,6.189000000000000000e+04
8.578578578578579084e+01,2.687490000000000000e+05,6.164100000000000000e+04
8.588588588588589801e+01,2.659310000000000000e+05,6.100700000000000000e+04
8.598598598598599096e+01,2.661840000000000000e+05,6.338900000000000000e+04
8.608608608608609813e+01,2.748690000000000000e+05,6.271000000000000000e+04
8.618618618618619109e+01,2.652980000000000000e+05,6.194100000000000000e+04
8.628628628628629826e+01,2.685700000000000000e+05,6.153000000000000000e+04
8.638638638638639122e+01,2.688590000000000000e+05,6.426800000000000000e+04
8.648648648648649839e+01,2.710200000000000000e+05,6.248700000000000000e+04
8.658658658658659135e+01,2.727500000000000000e+05,6.253300000000000000e+04
8.668668668668669852e+01,2.661560000000000000e+05,6.241400000000000000e+04
8.678678678678679148e+01,2.695130000000000000e+05,6.161800000000000000e+04
8.688688688688689865e+01,2.687600000000000000e+05,5.959200000000000000e+04
8.698698698698699161e+01,2.702390000000000000e+05,6.320500000000000000e+04
8.708708708708709878e+01,2.691070000000000000e+05,6.240200000000000000e+04
8.718718718718719174e+01,2.734040000000000000e+05,5.910100000000000000e+04
8.728728728728729891e+01,2.683150000000000000e+05,6.397200000000000000e+04
8.738738738738739187e+01,2.670130000000000000e+05,6.446900000000000000e+04
8.748748748748749904e+01,2.610770000000000000e+05,6.330600000000000000e+04
8.758758758758759200e+01,2.589090000000000000e+05,6.045800000000000000e+04
8.768768768768769917e+01,2.680890000000000000e+05,6.335400000000000000e+04
8.778778778778779213e+01,2.656700000000000000e+05,6.344500000000000000e+04
8.788788788788789930e+01,2.642500000000000000e+05,6.123600000000000000e+04
8.798798798798799226e+01,2.688610000000000000e+05,6.042600000000000000e+04
8.808808808808809943e+01,2.632120000000000000e+05,6.267800000000000000e+04
8.818818818818819238e+01,2.610730000000000000e+05,6.112000000000000000e+04
8.828828828828829955e+01,2.681910000000000000e+05,6.342200000000000000e+04
8.838838838838839251e+01,2.662540000000000000e+05,6.037500000000000000e+04
8.848848848848849968e+01,2.697520000000000000e+05,6.128000000000000000e+04
8.858858858858859264e+01,2.683810000000000000e+05,6.239100000000000000e+04
8.868868868868869981e+01,2.686150000000000000e+05,6.268200000000000000e+04
8.878878878878879277e+01,2.706280000000000000e+05,5.979700000000000000e+04
8.888888888888889994e+01,2.751740000000000000e+05,6.447200000000000000e+04
8.898898898898899290e+01,2.679370000000000000e+05,6.106300000000000000e+04
8.908908908908910007e+01,2.707730000000000000e+05,6.082400000000000000e+04
8.918918918918919303e+01,2.726310000000000000e+05,6.099600000000000000e+04
8.928928928928930020e+01,2.702280000000000000e+05,6.314100000000000000e+04
8.938938938938939316e+01,2.631770000000000000e+05,6.256100000000000000e+04
8.948948948948950033e+01,2.676960000000000000e+05,6.518200000000000000e+04
8.958958958958959329e+01,2.676860000000000000e+05,6.208300000000000000e+04
8.968968968968970046e+01,2.659360000000000000e+05,6.152700000000000000e+04
8.978978978978979342e+01,2.691160000000000000e+05,6.062700000000000000e+04
8.988988988988990059e+01,2.599630000000000000e+05,6.064300000000000000e+04
8.998998998998999355e+01,2.623050000000000000e+05,6.136000000000000000e+04
9.009009009009010072e+01,2.635790000000000000e+05,5.988700000000000000e+04
9.019019019019019368e+01,2.622110000000000000e+05,6.271500000000000000e+04
9.029029029029030085e+01,2.683210000000000000e+05,6.046200000000000000e+04
9.039039039039039380e+01,2.670340000000000000e+05,6.351200000000000000e+04
9.049049049049050097e+01,2.684300000000000000e+05,6.404200000000000000e+04
9.059059059059059393e+01,2.656860000000000000e+05,6.233700000000000000e+04
9.069069069069070110e+01,2.602750000000000000e+05,6.195400000000000000e+04
9.079079079079079406e+01,2.614570000000000000e+05,6.228000000000000000e+04
9.089089089089090123e+01,2.658660000000000000e+05,6.450800000000000000e+04
9.099099099099099419e+01,2.597270000000000000e+05,6.359800000000000000e+04
9.109109109109110136e+01,2.685860000000000000e+05,6.119500000000000000e+04
9.119119119119119432e+01,2.638230000000000000e+05,6.420400000000000000e+04
9.129129129129130149e+01,2.661780000000000000e+05,6.357800000000000000e+04
9.139139139139139445e+01,2.615760000000000000e+05,6.085300000000000000e+04
9.149149149149150162e+01,2.653430000000000000e+05,6.209800000000000000e+04
9.159159159159159458e+01,2.672750000000000000e+05,6.317000000000000000e+04
9.169169169169170175e+01,2.675240000000000000e+05,6.312100000000000000e+04
9.179179179179179471e+01,2.656410000000000000e+05,6.284000000000000000e+04
9.189189189189190188e+01,2.646100000000000000e+05,6.215000000000000000e+04
9.199199199199199484e+01,2.664530000000000000e+05,6.176700000000000000e+04
9.209209209209210201e+01,2.674550000000000000e+05,6.285900000000000000e+04
9.219219219219219497e+01,2.717930000000000000e+05,6.545900000000000000e+04
9.229229229229230214e+01,2.678440000000000000e+05,6.218200000000000000e+04
9.239239239239239510e+01,2.704750000000000000e+05,6.548900000000000000e+04
9.249249249249250227e+01,2.710680000000000000e+05,6.045300000000000000e+04
9.259259259259259522e+01,2.641220000000000000e+05,6.209700000000000000e+04
9.269269269269270239e+01,2.648510000000000000e+05,6.319100000000000000e+04
9.279279279279279535e+01,2.642770000000000000e+05,6.357700000000000000e+04
9.289289289289290252e+01,2.684810000000000000e+05,6.542800000000000000e+04
9.299299299299299548e+01,2.632270000000000000e+05,6.007300000000000000e+04
9.309309309309310265e+01,2.645930000000000000e+05,6.136900000000000000e+04
9.319319319319319561e+01,2.586750000000000000e+05,6.303200000000000000e+04
9.329329329329330278e+01,2.696230000000000000e+05,6.254100000000000000e+04
9.339339339339339574e+01,2.632640000000000000e+05,6.382500000000000000e+04
9.349349349349350291e+01,2.660810000000000000e+05,6.453900000000000000e+04
9.359359359359359587e+01,2.628080000000000000e+05,6.325500000000000000e+04
9.369369369369370304e+01,2.620210000000000000e+05,6.302400000000000000e+04
9.379379379379379600e+01,2.596410000000000000e+05,6.221900000000000000e+04
9.389389389389390317e+01,2.681670000000000000e+05,6.143800000000000000e+04
9.399399399399399613e+01,2.689790000000000000e+05,6.354100000000000000e+04
9.409409409409410330e+01,2.721770000000000000e+05,6.417700000000000000e+04
9.419419419419419626e+01,2.673390000000000000e+05,6.231600000000000000e+04
9.429429429429430343e+01,2.696150000000000000e+05,6.672400000000000000e+04
9.439439439439439639e+01,2.710550000000000000e+05,6.066000000000000000e+04
9.449449449449450356e+01,2.668490000000000000e+05,6.418000000000000000e+04
9.459459459459459651e+01,2.583610000000000000e+05,6.316000000000000000e+04
9.469469469469470368e+01,2.693440000000000000e+05,6.309300000000000000e+04
9.479479479479479664e+01,2.707670000000000000e+05,5.750400000000000000e+04
9.489489489489490381e+01,2.690930000000000000e+05,6.091400000000000000e+04
9.499499499499499677e+01,2.661500000000000000e+05,6.364500000000000000e+04
9.509509509509510394e+01,2.623960000000000000e+05,6.352400000000000000e+04
9.519519519519519690e+01,2.665080000000000000e+05,6.382600000000000000e+04
9.529529529529530407e+01,2.668580000000000000e+05,6.370800000000000000e+04
9.539539539539539703e+01,2.645610000000000000e+05,6.342100000000000000e+04
9.549549549549550420e+01,2.693070000000000000e+05,6.235800000000000000e+04
9.559559559559559716e+01,2.648110000000000000e+05,6.279500000000000000e+04
9.569569569569570433e+01,2.657650000000000000e+05,6.473600000000000000e+04
9.579579579579579729e+01,2.712970000000000000e+05,6.254700000000000000e+04
9.589589589589590446e+01,2.621810000000000000e+05,6.305700000000000000e+04
9.599599599599599742e+01,2.703600000000000000e+05,6.250300000000000000e+04
9.609609609609610459e+01,2.656600000000000000e+05,6.451100000000000000e+04
9.619619619619619755e+01,2.633260000000000000e+05,6.365200000000000000e+04
9.629629629629630472e+01,2.663420000000000000e+05,6.421800000000000000e+04
9.639639639639639768e+01,2.644180000000000000e+05,6.504300000000000000e+04
9.649649649649650485e+01,2.652700000000000000e+05,6.256300000000000000e+04
9.659659659659659781e+01,2.614520000000000000e+05,6.635700000000000000e+04
9.669669669669670498e+01,2.652180000000000000e+05,6.502300000000000000e+04
9.679679679679679793e+01,2.631640000000000000e+05,6.609900000000000000e+04
9.689689689689690510e+01,2.675210000000000000e+05,6.212600000000000000e+04
9.699699699699699806e+01,2.638570000000000000e+05,6.291600000000000000e+04
9.709709709709710523e+01,2.658550000000000000e+05,6.375700000000000000e+04
9.719719719719719819e+01,2.673190000000000000e+05,6.158900000000000000e+04
9.729729729729730536e+01,2.708400000000000000e+05,6.259600000000000000e+04
9.739739739739739832e+01,2.686240000000000000e+05,6.043200000000000000e+04
9.749749749749750549e+01,2.669450000000000000e+05,6.299100000000000000e+04
9.759759759759759845e+01,2.728530000000000000e+05,6.299900000000000000e+04
9.769769769769770562e+01,2.694840000000000000e+05,6.423100000000000000e+04
9.779779779779779858e+01,2.725210000000000000e+05,6.385900000000000000e+04
9.789789789789790575e+01,2.655120000000000000e+05,6.619100000000000000e+04
9.799799799799799871e+01,2.630340000000000000e+05,6.462500000000000000e+04
9.809809809809810588e+01,2.691720000000000000e+05,6.461300000000000000e+04
9.819819819819819884e+01,2.679660000000000000e+05,6.497600000000000000e+04
9.829829829829830601e+01,2.706500000000000000e+05,6.266000000000000000e+04
9.839839839839839897e+01,2.688430000000000000e+05,6.444600000000000000e+04
9.849849849849850614e+01,2.640010000000000000e+05,6.391400000000000000e+04
9.859859859859859910e+01,2.632810000000000000e+05,6.218200000000000000e+04
9.869869869869870627e+01,2.661370000000000000e+05,6.261900000000000000e+04
9.879879879879879923e+01,2.693720000000000000e+05,6.520400000000000000e+04
9.889889889889890640e+01,2.681070000000000000e+05,6.113200000000000000e+04
9.899899899899899935e+01,2.669740000000000000e+05,6.200500000000000000e+04
9.909909909909910652e+01,2.645520000000000000e+05,6.261100000000000000e+04
9.919919919919919948e+01,2.538800000000000000e+05,6.612700000000000000e+04
9.929929929929930665e+01,2.637040000000000000e+05,6.153200000000000000e+04
9.939939939939939961e+01,2.652160000000000000e+05,6.524300000000000000e+04
9.949949949949950678e+01,2.645600000000000000e+05,6.527400000000000000e+04
9.959959959959959974e+01,2.605920000000000000e+05,6.551800000000000000e+04
9.969969969969970691e+01,2.612660000000000000e+05,6.477800000000000000e+04
9.979979979979979987e+01,2.661350000000000000e+05,6.331900000000000000e+04
9.989989989989990704e+01,2.648670000000000000e+05,6.723200000000000000e+04
1.000000000000000000e+02,2.700300000000000000e+05,6.472500000000000000e+04
