0.000000000000000000e+00,1.539386363636364052e+00
2.500000000000000000e-01,9.030454545454558168e-01
5.000000000000000000e-01,3.615454545454543922e+00
7.500000000000000000e-01,3.917863636363636104e+00
1.000000000000000000e+00,-5.529545454545441441e-01
1.250000000000000000e+00,2.910711363636363558e+01
1.500000000000000000e+00,3.588886363636363086e+01
1.750000000000000000e+00,3.869363636363636516e+01
2.000000000000000000e+00,3.625884090909091384e+01
2.250000000000000000e+00,3.167168181818182049e+01
2.500000000000000000e+00,4.184868181818182364e+01
2.750000000000000000e+00,3.994515909090908679e+01
3.000000000000000000e+00,7.652999999999999581e+00
3.250000000000000000e+00,2.140613636363636108e+00
3.500000000000000000e+00,-8.294090909090918728e-01
3.750000000000000000e+00,-1.178181818181801704e-01
4.000000000000000000e+00,7.504545454545441530e-01
4.250000000000000000e+00,-1.459136363636363898e+00
4.500000000000000000e+00,2.223386363636363772e+00
4.750000000000000000e+00,1.147204545454544089e+00
5.000000000000000000e+00,-7.171363636363640159e-01
5.250000000000000000e+00,8.320227272727279688e-01
5.500000000000000000e+00,1.261365909090909199e+01
5.750000000000000000e+00,3.471931818181817420e+01
6.000000000000000000e+00,9.802068181818180292e+00
6.250000000000000000e+00,8.271590909090918986e-01
6.500000000000000000e+00,2.157477272727271966e+00
6.750000000000000000e+00,5.598636363636360080e-01
7.000000000000000000e+00,-2.245909090909080918e-01
7.250000000000000000e+00,1.738590909090908188e+00
7.500000000000000000e+00,1.106159090909091924e+00
7.750000000000000000e+00,-3.566590909090919248e-01
8.000000000000000000e+00,5.373409090909081476e-01
8.250000000000000000e+00,-2.121772727272727810e+00
8.500000000000000000e+00,2.654888636363636323e+01
8.750000000000000000e+00,3.541929545454545547e+01
9.000000000000000000e+00,3.633945454545454368e+01
9.250000000000000000e+00,3.964147727272727195e+01
9.500000000000000000e+00,3.416497727272727047e+01
9.750000000000000000e+00,3.584765909090909020e+01
1.000000000000000000e+01,3.942106818181817829e+01
1.025000000000000000e+01,3.814000000000000057e+01
1.050000000000000000e+01,3.277865909090908758e+01
1.075000000000000000e+01,2.658045454545455932e+00
1.100000000000000000e+01,4.324999999999999956e-01
1.125000000000000000e+01,6.656136363636360187e-01
1.150000000000000000e+01,2.575136363636363779e+00
1.175000000000000000e+01,1.315340909090908061e+00
1.200000000000000000e+01,6.233181818181802170e-01
1.225000000000000000e+01,-2.109999999999999931e-01
1.250000000000000000e+01,-2.999318181818198537e-01
1.275000000000000000e+01,6.527727272727279484e-01
1.300000000000000000e+01,-1.665954545454544133e+00
1.325000000000000000e+01,1.729022727272727877e+00
1.350000000000000000e+01,1.124909090909091969e+00
1.375000000000000000e+01,2.397477272727272180e+00
1.400000000000000000e+01,-1.262363636363636132e+00
1.425000000000000000e+01,1.137159090909091841e+00
1.450000000000000000e+01,2.450499999999999901e+01
1.475000000000000000e+01,3.227700000000000102e+01
1.500000000000000000e+01,2.771236363636363720e+01
1.525000000000000000e+01,3.447211363636363046e+01
1.550000000000000000e+01,9.368636363636364095e+00
1.575000000000000000e+01,2.093545454545455708e+00
1.600000000000000000e+01,2.502795454545455822e+00
1.625000000000000000e+01,1.394568181818180097e+00
1.650000000000000000e+01,1.685431818181819752e+00
1.675000000000000000e+01,1.588590909090908054e+00
1.700000000000000000e+01,-2.446136363636360334e-01
1.725000000000000000e+01,-1.306704545454544064e+00
1.750000000000000000e+01,1.376409090909090871e+01
1.775000000000000000e+01,3.796897727272727252e+01
1.800000000000000000e+01,3.542154545454545911e+01
1.825000000000000000e+01,3.398306818181817590e+01
1.850000000000000000e+01,4.640086363636363131e+01
1.875000000000000000e+01,3.931765909090908906e+01
1.900000000000000000e+01,1.241693181818181912e+01
1.925000000000000000e+01,3.799545454545441570e-01
1.950000000000000000e+01,1.659136363636364075e+00
1.975000000000000000e+01,2.433659090909091827e+00
2.000000000000000000e+01,9.868636363636360542e-01
2.025000000000000000e+01,2.359363636363636108e+00
2.050000000000000000e+01,1.842613636363636065e+00
2.075000000000000000e+01,1.748045454545455790e+00
2.100000000000000000e+01,6.962363636363636310e+00
2.125000000000000000e+01,1.497334090909090776e+01
2.150000000000000000e+01,2.480431818181819903e+00
2.175000000000000000e+01,2.065584090909090875e+01
2.200000000000000000e+01,3.556781818181817556e+01
2.225000000000000000e+01,3.252345454545454118e+01
2.250000000000000000e+01,3.356284090909090878e+01
2.275000000000000000e+01,3.496543181818182688e+01
2.300000000000000000e+01,3.208029545454545683e+01
2.325000000000000000e+01,3.618322727272727235e+01
2.350000000000000000e+01,3.298624999999999829e+01
2.375000000000000000e+01,3.579611363636363564e+01
2.400000000000000000e+01,3.582586363636363558e+01
2.425000000000000000e+01,3.024368181818181966e+01
2.450000000000000000e+01,3.562745454545454749e+01
2.475000000000000000e+01,3.462940909090908548e+01
2.500000000000000000e+01,3.609538636363636499e+01
2.525000000000000000e+01,3.884047727272727002e+01
2.550000000000000000e+01,3.182670454545454319e+01
2.575000000000000000e+01,1.695545454545454334e+01
2.600000000000000000e+01,1.176977272727272039e+00
2.625000000000000000e+01,1.410909090909092001e+00
2.650000000000000000e+01,3.307704545454545553e+01
2.675000000000000000e+01,3.478999999999999915e+01
2.700000000000000000e+01,2.466386363636363654e+01
2.725000000000000000e+01,8.863409090909081245e-01
2.750000000000000000e+01,3.314429545454545689e+01
2.775000000000000000e+01,3.862245454545454493e+01
2.800000000000000000e+01,3.758452272727272714e+01
2.825000000000000000e+01,3.432772727272727309e+01
2.850000000000000000e+01,3.200384090909091128e+01
2.875000000000000000e+01,3.330909090909091219e+01
2.900000000000000000e+01,3.477474999999999739e+01
2.925000000000000000e+01,3.603820454545454766e+01
2.950000000000000000e+01,1.899474999999999980e+01
2.975000000000000000e+01,1.226488636363636431e+01
3.000000000000000000e+01,1.372693181818181962e+01
3.025000000000000000e+01,8.199840909090907459e+00
3.050000000000000000e+01,1.218965909090909250e+01
3.075000000000000000e+01,7.488886363636363619e+00
3.100000000000000000e+01,5.677886363636363676e+00
3.125000000000000000e+01,1.094672727272727286e+01
3.150000000000000000e+01,8.466863636363635592e+00
3.175000000000000000e+01,1.149847727272727127e+01
3.200000000000000000e+01,1.148229545454545608e+01
3.225000000000000000e+01,1.124011363636363647e+01
3.250000000000000000e+01,7.258340909090907900e+00
3.275000000000000000e+01,9.725431818181819565e+00
3.300000000000000000e+01,6.579204545454544473e+00
3.325000000000000000e+01,1.161659090909090786e+01
3.350000000000000000e+01,1.330611363636363542e+01
3.375000000000000000e+01,9.973431818181820674e+00
3.400000000000000000e+01,1.049763636363636365e+01
3.425000000000000000e+01,1.015843181818181939e+01
3.450000000000000000e+01,9.612045454545455669e+00
3.475000000000000000e+01,8.431295454545455925e+00
3.500000000000000000e+01,1.099809090909090870e+01
3.525000000000000000e+01,1.407874999999999943e+01
3.550000000000000000e+01,1.111650000000000027e+01
3.575000000000000000e+01,1.001477272727272805e+01
3.600000000000000000e+01,1.011972727272727290e+01
3.625000000000000000e+01,8.330522727272727579e+00
3.650000000000000000e+01,1.318200000000000038e+01
3.675000000000000000e+01,1.084111363636363556e+01
3.700000000000000000e+01,8.808909090909091688e+00
3.725000000000000000e+01,1.023945454545454403e+01
3.750000000000000000e+01,9.165840909090908539e+00
3.775000000000000000e+01,9.386772727272727934e+00
3.800000000000000000e+01,1.080022727272727145e+01
3.825000000000000000e+01,8.836954545454544174e+00
3.850000000000000000e+01,8.903045454545456039e+00
3.875000000000000000e+01,1.238974999999999937e+01
3.900000000000000000e+01,1.079754545454545500e+01
3.925000000000000000e+01,1.138209090909090726e+01
3.950000000000000000e+01,9.163045454545455826e+00
3.975000000000000000e+01,1.238884090909090752e+01
4.000000000000000000e+01,1.219693181818182026e+01
4.025000000000000000e+01,1.127997727272727246e+01
4.050000000000000000e+01,7.865499999999999936e+00
4.075000000000000000e+01,9.735704545454543890e+00
4.100000000000000000e+01,1.074386363636363662e+01
4.125000000000000000e+01,1.161804545454545590e+01
4.150000000000000000e+01,9.905477272727271298e+00
4.175000000000000000e+01,1.069386363636363591e+01
4.200000000000000000e+01,9.231068181818180562e+00
4.225000000000000000e+01,9.624636363636364322e+00
4.250000000000000000e+01,1.000804545454545647e+01
4.275000000000000000e+01,1.005799999999999983e+01
4.300000000000000000e+01,8.625999999999999446e+00
4.325000000000000000e+01,1.111202272727272877e+01
4.350000000000000000e+01,6.643863636363636083e+00
4.375000000000000000e+01,7.585568181818180378e+00
4.400000000000000000e+01,9.196022727272728403e+00
4.425000000000000000e+01,1.040606818181817950e+01
4.450000000000000000e+01,1.050143181818181937e+01
4.475000000000000000e+01,1.006129545454545671e+01
4.500000000000000000e+01,1.119734090909090796e+01
4.525000000000000000e+01,1.034872727272727211e+01
4.550000000000000000e+01,8.227659090909092754e+00
4.575000000000000000e+01,1.064584090909090897e+01
4.600000000000000000e+01,9.293022727272727934e+00
4.625000000000000000e+01,7.939159090909091887e+00
4.650000000000000000e+01,1.069120454545454457e+01
4.675000000000000000e+01,3.199295454545455719e+00
4.700000000000000000e+01,-1.878863636363639622e-01
4.725000000000000000e+01,3.657659090909092026e+00
4.750000000000000000e+01,1.110965909090909243e+01
4.775000000000000000e+01,1.112618181818181995e+01
4.800000000000000000e+01,8.854795454545456579e+00
4.825000000000000000e+01,1.200097727272727255e+01
4.850000000000000000e+01,1.189095454545454444e+01
4.875000000000000000e+01,1.047397727272727153e+01
4.900000000000000000e+01,6.852795454545455911e+00
4.925000000000000000e+01,-2.072272727272720660e-01
4.950000000000000000e+01,-1.163636363636396699e-02
4.975000000000000000e+01,1.780386363636363933e+00
5.000000000000000000e+01,2.046386363636364170e+00
5.025000000000000000e+01,1.820181818181819899e+00
5.050000000000000000e+01,1.893022727272728023e+00
5.075000000000000000e+01,2.091068181818179994e+00
5.100000000000000000e+01,1.408136363636363964e+00
5.125000000000000000e+01,7.826363636363640186e-01
5.150000000000000000e+01,4.284318181818198568e-01
5.175000000000000000e+01,7.152272727272793174e-02
5.200000000000000000e+01,-2.034090909090918997e-01
5.225000000000000000e+01,4.228181818181801499e-01
5.250000000000000000e+01,-7.853636363636360418e-01
5.275000000000000000e+01,-1.638181818181801697e-01
5.300000000000000000e+01,2.209772727272720783e-01
5.325000000000000000e+01,3.281181818181819754e+00
5.350000000000000000e+01,5.508863636363640071e-01
5.375000000000000000e+01,1.144500000000000073e+00
5.400000000000000000e+01,2.596136363636360467e-01
5.425000000000000000e+01,3.385704545454544245e+00
5.450000000000000000e+01,2.047954545454544029e+00
5.475000000000000000e+01,1.507772727272727931e+00
5.500000000000000000e+01,-2.530909090909092107e+00
5.525000000000000000e+01,1.259454545454544050e+00
5.550000000000000000e+01,4.423295454545455918e+00
5.575000000000000000e+01,3.241227272727272180e+00
5.600000000000000000e+01,5.296818181818180094e+00
5.625000000000000000e+01,3.182499999999999774e-01
5.650000000000000000e+01,1.917204545454544107e+00
5.675000000000000000e+01,2.838636363636360405e-01
5.700000000000000000e+01,1.113045454545455781e+00
5.725000000000000000e+01,1.820386363636363969e+00
5.750000000000000000e+01,5.749090909090919244e-01
5.775000000000000000e+01,-9.597954545454558950e-01
5.800000000000000000e+01,-8.827272727272793273e-02
5.825000000000000000e+01,-2.561659090909091940e+00
5.850000000000000000e+01,-9.036136363636360080e-01
5.875000000000000000e+01,1.063068181818180191e+00
5.900000000000000000e+01,1.176090909090908188e+00
5.925000000000000000e+01,3.330022727272727856e+00
5.950000000000000000e+01,1.148636363636363900e+00
5.975000000000000000e+01,-6.044772727272720303e-01
6.000000000000000000e+01,-3.527045454545441050e-01
6.025000000000000000e+01,8.604749999999999233e+00
6.050000000000000000e+01,1.309797727272727208e+01
6.075000000000000000e+01,1.792931818181819903e+00
6.100000000000000000e+01,-2.793136363636363750e+00
6.125000000000000000e+01,5.433181818181801459e-01
6.150000000000000000e+01,-2.122500000000000053e+00
6.175000000000000000e+01,2.978588636363636510e+01
6.200000000000000000e+01,1.224272727272727224e+01
6.225000000000000000e+01,-1.502295454545455877e+00
6.250000000000000000e+01,2.088636363636360294e-01
6.275000000000000000e+01,-9.288636363636396109e-02
6.300000000000000000e+01,1.833636363636360345e-01
6.325000000000000000e+01,-2.918636363636360476e-01
6.350000000000000000e+01,-5.298636363636359814e-01
6.375000000000000000e+01,3.082225000000000037e+01
6.400000000000000000e+01,3.679954545454545922e+01
6.425000000000000000e+01,3.011234090909090710e+01
6.450000000000000000e+01,3.206084090909090634e+01
6.475000000000000000e+01,3.409627272727272640e+01
6.500000000000000000e+01,3.446706818181817766e+01
6.525000000000000000e+01,3.331840909090908553e+01
6.550000000000000000e+01,5.039749999999999730e+00
6.575000000000000000e+01,-6.803863636363639555e-01
6.600000000000000000e+01,2.119499999999999940e+00
6.625000000000000000e+01,1.851681818181819761e+00
6.650000000000000000e+01,8.644090909090919039e-01
6.675000000000000000e+01,4.123863636363639396e-01
6.700000000000000000e+01,-1.993772727272727918e+00
6.725000000000000000e+01,5.919318181818198354e-01
6.750000000000000000e+01,7.840681818181801654e-01
6.775000000000000000e+01,6.621136363636360711e-01
6.800000000000000000e+01,-3.915477272727271973e+00
6.825000000000000000e+01,-7.488636363636360649e-01
6.850000000000000000e+01,-1.293545454545455886e+00
6.875000000000000000e+01,-1.661727272727272053e+00
6.900000000000000000e+01,6.397954545454558328e-01
6.925000000000000000e+01,1.903113636363636063e+00
6.950000000000000000e+01,-7.972272727272721182e-01
6.975000000000000000e+01,-9.506818181818016411e-02
7.000000000000000000e+01,4.685863636363635898e+00
7.025000000000000000e+01,3.969322727272727036e+01
7.050000000000000000e+01,4.178572727272727150e+01
7.075000000000000000e+01,3.793272727272726996e+01
7.100000000000000000e+01,1.057454545454545602e+01
7.125000000000000000e+01,-5.762954545454558319e-01
7.150000000000000000e+01,2.439568181818180026e+00
7.175000000000000000e+01,1.341681818181819752e+00
7.200000000000000000e+01,2.237636363636363868e+00
7.225000000000000000e+01,1.112454545454544030e+00
7.250000000000000000e+01,2.203840909090907907e+00
7.275000000000000000e+01,4.937272727272720707e-01
7.300000000000000000e+01,-9.955909090909080827e-01
7.325000000000000000e+01,1.676818181818180209e+00
7.350000000000000000e+01,9.715909090909190249e-02
7.375000000000000000e+01,-5.363636363636396787e-02
7.400000000000000000e+01,3.158022727272728147e+00
7.425000000000000000e+01,-6.353181818181801166e-01
7.450000000000000000e+01,1.960659090909091962e+00
7.475000000000000000e+01,-1.472204545454544045e+00
7.500000000000000000e+01,-1.462409090909091880e+00
7.525000000000000000e+01,2.689136363636364102e+00
7.550000000000000000e+01,4.658363636363636040e+00
7.575000000000000000e+01,3.861136363636360480e-01
7.600000000000000000e+01,8.522727272727206871e-02
7.625000000000000000e+01,1.245590909090908083e+00
7.650000000000000000e+01,1.146613636363636113e+00
7.675000000000000000e+01,1.151818181818198422e-01
7.700000000000000000e+01,2.217909090909091940e+00
7.725000000000000000e+01,-2.338409090909081001e-01
7.750000000000000000e+01,4.598340909090907758e+00
7.775000000000000000e+01,2.325022727272727963e+00
7.800000000000000000e+01,-1.331590909090918928e-01
7.825000000000000000e+01,-9.189318181818197928e-01
7.850000000000000000e+01,6.615909090909081192e-01
7.875000000000000000e+01,1.429249999999999909e+00
7.900000000000000000e+01,1.681068181818180074e+00
7.925000000000000000e+01,9.208181818181802036e-01
7.950000000000000000e+01,2.575590909090907932e+00
7.975000000000000000e+01,1.096863636363635930e+00
8.000000000000000000e+01,2.218295454545455847e+00
8.025000000000000000e+01,-2.059022727272727948e+00
8.050000000000000000e+01,3.836977272727271959e+00
8.075000000000000000e+01,-5.077272727272793412e-02
8.100000000000000000e+01,2.420704545454543943e+00
8.125000000000000000e+01,2.152954545454544011e+00
8.150000000000000000e+01,1.957000000000000073e+00
8.175000000000000000e+01,-1.104636363636363861e+00
8.200000000000000000e+01,2.754249999999999865e+00
8.225000000000000000e+01,3.804159090909092100e+00
8.250000000000000000e+01,4.747522727272728282e+00
8.275000000000000000e+01,6.444613636363635933e+00
8.300000000000000000e+01,5.090250000000000163e+00
8.325000000000000000e+01,4.705954545454543947e+00
8.350000000000000000e+01,-1.173477272727271981e+00
8.375000000000000000e+01,2.318409090909091752e+00
8.400000000000000000e+01,9.034999999999999698e-01
8.425000000000000000e+01,5.347499999999999476e-01
8.450000000000000000e+01,-1.340909090909091939e+00
8.475000000000000000e+01,3.130704545454544352e+00
8.500000000000000000e+01,1.839522727272727920e+00
8.525000000000000000e+01,1.226215909090909228e+01
8.550000000000000000e+01,1.903090909090908056e+00
8.575000000000000000e+01,8.265590909090908767e+00
8.600000000000000000e+01,3.808050000000000068e+01
8.625000000000000000e+01,3.315993181818182478e+01
8.650000000000000000e+01,4.326688636363636675e+01
8.675000000000000000e+01,3.847231818181817431e+01
8.700000000000000000e+01,3.744420454545454646e+01
8.725000000000000000e+01,2.755613636363636232e+01
8.750000000000000000e+01,1.907772727272727842e+00
8.775000000000000000e+01,1.576065909090909223e+01
8.800000000000000000e+01,3.837704545454545269e+01
8.825000000000000000e+01,3.886952272727273083e+01
8.850000000000000000e+01,4.146440909090908633e+01
8.875000000000000000e+01,4.209779545454545513e+01
8.900000000000000000e+01,1.957543181818181921e+01
8.925000000000000000e+01,3.225795454545455687e+00
8.950000000000000000e+01,1.436849999999999916e+01
8.975000000000000000e+01,1.204343181818181918e+01
9.000000000000000000e+01,1.029875000000000007e+01
9.025000000000000000e+01,1.179911363636363575e+01
9.050000000000000000e+01,1.142427272727272758e+01
9.075000000000000000e+01,1.064256818181818076e+01
9.100000000000000000e+01,7.958204545454544032e+00
9.125000000000000000e+01,8.781636363636364351e+00
9.150000000000000000e+01,2.747727272727279457e-01
9.175000000000000000e+01,-9.034090909090809751e-02
9.200000000000000000e+01,1.788977272727272139e+00
9.225000000000000000e+01,1.730386363636363889e+00
9.250000000000000000e+01,-5.344999999999999751e-01
9.275000000000000000e+01,5.027068181818179937e+00
9.300000000000000000e+01,3.830954545454543947e+00
9.325000000000000000e+01,5.726704545454544437e+00
9.350000000000000000e+01,1.255545454545455852e+00
9.375000000000000000e+01,4.011227272727271753e+00
9.400000000000000000e+01,1.288886363636363885e+00
9.425000000000000000e+01,2.857727272727272005e+00
9.450000000000000000e+01,5.870886363636364180e+00
9.475000000000000000e+01,-5.424999999999999961e-02
9.500000000000000000e+01,-1.699636363636364056e+00
9.525000000000000000e+01,4.626295454545456209e+00
9.550000000000000000e+01,3.269613636363636111e+00
9.575000000000000000e+01,2.929250000000000131e+00
9.600000000000000000e+01,1.113386363636363896e+00
9.625000000000000000e+01,1.236750000000000016e+00
9.650000000000000000e+01,3.723727272727272108e+00
9.675000000000000000e+01,9.656590909090918551e-01
9.700000000000000000e+01,4.000522727272727508e+00
9.725000000000000000e+01,4.533295454545456238e+00
9.750000000000000000e+01,6.504181818181820063e+00
9.775000000000000000e+01,4.217113636363635898e+00
9.800000000000000000e+01,-7.429545454545587180e-02
9.825000000000000000e+01,1.231386363636364001e+00
9.850000000000000000e+01,5.637704545454544025e+00
9.875000000000000000e+01,1.099961363636363565e+01
9.900000000000000000e+01,1.307722727272727248e+01
9.925000000000000000e+01,1.315904545454545627e+01
9.950000000000000000e+01,1.188320454545454474e+01
9.975000000000000000e+01,1.476656818181817954e+01
1.000000000000000000e+02,6.026568181818180214e+00
1.002500000000000000e+02,2.919590909090908237e+00
1.005000000000000000e+02,1.727999999999999980e+00
1.007500000000000000e+02,4.552977272727272151e+00
1.010000000000000000e+02,3.238613636363635973e+00
1.012500000000000000e+02,-2.225909090909080901e-01
1.015000000000000000e+02,-9.782045454545441610e-01
1.017500000000000000e+02,2.483727272727271895e+00
1.020000000000000000e+02,1.784022727272728037e+00
1.022500000000000000e+02,3.090204545454544149e+00
1.025000000000000000e+02,1.038727272727272055e+00
1.027500000000000000e+02,2.596454545454544238e+00
1.030000000000000000e+02,-1.595295454545455849e+00
1.032500000000000000e+02,1.288818181818180086e+00
1.035000000000000000e+02,1.793295454545455803e+00
1.037500000000000000e+02,-2.948181818181801472e-01
1.040000000000000000e+02,-2.938886363636363797e+00
1.042500000000000000e+02,2.546136363636363864e+00
1.045000000000000000e+02,2.834000000000000075e+00
1.047500000000000000e+02,1.662363636363636044e+00
1.050000000000000000e+02,2.793340909090908042e+00
1.052500000000000000e+02,1.420863636363635996e+00
1.055000000000000000e+02,-5.711363636363639973e-01
1.057500000000000000e+02,2.006931818181819871e+00
1.060000000000000000e+02,3.420840909090907989e+00
1.062500000000000000e+02,1.031681818181819921e+00
1.065000000000000000e+02,2.006636363636363996e+00
1.067500000000000000e+02,8.247704545454544345e+00
1.070000000000000000e+02,8.799318181818179596e+00
1.072500000000000000e+02,9.730454545454543691e+00
1.075000000000000000e+02,9.327454545454544999e+00
1.077500000000000000e+02,1.313404545454545591e+01
1.080000000000000000e+02,1.192820454545454467e+01
1.082500000000000000e+02,1.284429545454545618e+01
1.085000000000000000e+02,1.127406818181817982e+01
1.087500000000000000e+02,1.390677272727272751e+01
1.090000000000000000e+02,1.077897727272727124e+01
1.092500000000000000e+02,1.069009090909090887e+01
1.095000000000000000e+02,9.240249999999999631e+00
1.097500000000000000e+02,1.073649999999999949e+01
1.100000000000000000e+02,9.806795454545456536e+00
1.102500000000000000e+02,8.466045454545456650e+00
1.105000000000000000e+02,1.124020454545454406e+01
1.107500000000000000e+02,9.109272727272728076e+00
1.110000000000000000e+02,1.306643181818182065e+01
1.112500000000000000e+02,1.066513636363636408e+01
1.115000000000000000e+02,1.262713636363636382e+01
1.117500000000000000e+02,1.401934090909090891e+01
1.120000000000000000e+02,1.054006818181817984e+01
1.122500000000000000e+02,9.488272727272727636e+00
1.125000000000000000e+02,1.175225000000000009e+01
1.127500000000000000e+02,1.267193181818181991e+01
1.130000000000000000e+02,1.084590909090909250e+01
1.132500000000000000e+02,1.281934090909090784e+01
1.135000000000000000e+02,1.066272727272727217e+01
1.137500000000000000e+02,9.276409090909091049e+00
1.140000000000000000e+02,1.060193181818181962e+01
1.142500000000000000e+02,9.987249999999999517e+00
1.145000000000000000e+02,1.102224999999999966e+01
1.147500000000000000e+02,1.441636363636363605e+01
1.150000000000000000e+02,1.192522727272727145e+01
1.152500000000000000e+02,1.354649999999999999e+01
1.155000000000000000e+02,1.134143181818181922e+01
1.157500000000000000e+02,1.070429545454545561e+01
1.160000000000000000e+02,1.067011363636363619e+01
1.162500000000000000e+02,1.320759090909090894e+01
1.165000000000000000e+02,7.770227272727272094e+00
1.167500000000000000e+02,1.376813636363636384e+01
1.170000000000000000e+02,1.090352272727272798e+01
1.172500000000000000e+02,1.083713636363636468e+01
1.175000000000000000e+02,1.184031818181817997e+01
1.177500000000000000e+02,1.332654545454545669e+01
1.180000000000000000e+02,9.993863636363636616e+00
1.182500000000000000e+02,1.062836363636363579e+01
1.185000000000000000e+02,9.938522727272728119e+00
1.187500000000000000e+02,5.613477272727272371e+00
1.190000000000000000e+02,-1.194318181818198321e-01
1.192500000000000000e+02,-1.182340909090908054e+00
1.195000000000000000e+02,-2.511727272727271920e+00
1.197500000000000000e+02,8.066818181818198319e-01
1.200000000000000000e+02,1.774499999999999966e+00
1.202500000000000000e+02,3.240036363636363603e+01
1.205000000000000000e+02,3.774745454545454493e+01
1.207500000000000000e+02,3.799661363636363376e+01
1.210000000000000000e+02,4.188259090909091498e+01
1.212500000000000000e+02,4.134554545454545860e+01
1.215000000000000000e+02,4.677765909090908991e+01
1.217500000000000000e+02,2.935340909090907946e+00
1.220000000000000000e+02,2.942181818181819786e+00
1.222500000000000000e+02,6.130681818181801246e-01
1.225000000000000000e+02,1.332354545454545658e+01
1.227500000000000000e+02,3.761111363636363336e+01
1.230000000000000000e+02,4.030247727272727332e+01
1.232500000000000000e+02,1.482254545454545536e+01
1.235000000000000000e+02,-2.065681818181801521e-01
1.237500000000000000e+02,2.775159090909091741e+00
1.240000000000000000e+02,5.351590909090918613e-01
1.242500000000000000e+02,1.503454545454544045e+00
1.245000000000000000e+02,7.630000000000000115e-01
1.247500000000000000e+02,6.223863636363640151e-01
1.250000000000000000e+02,4.945522727272727792e+00
1.252500000000000000e+02,-7.367272727272721200e-01
1.255000000000000000e+02,-2.592999999999999972e+00
1.257500000000000000e+02,1.395590909090907994e+00
1.260000000000000000e+02,-3.297227272727272229e+00
1.262500000000000000e+02,-2.556886363636364123e+00
1.265000000000000000e+02,-3.410909090909081121e-01
1.267500000000000000e+02,8.655000000000000471e-01
1.270000000000000000e+02,1.445159090909091892e+00
1.272500000000000000e+02,1.570886363636363914e+00
1.275000000000000000e+02,1.876022727272727897e+00
1.277500000000000000e+02,-2.385636363636363999e+00
1.280000000000000000e+02,-4.695454545454413181e-02
1.282500000000000000e+02,8.044090909090918506e-01
1.285000000000000000e+02,-1.497204545454544178e+00
1.287500000000000000e+02,-1.348409090909092001e+00
1.290000000000000000e+02,-6.654090909090919492e-01
1.292500000000000000e+02,-5.133636363636360223e-01
1.295000000000000000e+02,7.343840909090908475e+00
1.297500000000000000e+02,3.537770454545454157e+01
1.300000000000000000e+02,2.772931818181819885e+00
1.302500000000000000e+02,1.735477272727272036e+00
1.305000000000000000e+02,2.924545454545441348e-01
1.307500000000000000e+02,1.348977272727271970e+00
1.310000000000000000e+02,1.099940909090909180e+01
1.312500000000000000e+02,3.955638636363637062e+01
1.315000000000000000e+02,3.944259090909091015e+01
1.317500000000000000e+02,3.984379545454545735e+01
1.320000000000000000e+02,4.261547727272726860e+01
1.322500000000000000e+02,3.472181818181820034e+00
1.325000000000000000e+02,-2.995227272727279400e-01
1.327500000000000000e+02,3.048340909090907935e+00
1.330000000000000000e+02,-2.902045454545441050e-01
1.332500000000000000e+02,2.553772727272727749e+00
1.335000000000000000e+02,8.986136363636360036e-01
1.337500000000000000e+02,1.855574999999999974e+01
1.340000000000000000e+02,2.232413636363636300e+01
1.342500000000000000e+02,1.387386363636363917e+00
1.345000000000000000e+02,5.422181818181820212e+00
1.347500000000000000e+02,-3.834545454545441046e-01
1.350000000000000000e+02,3.300027272727272987e+01
1.352500000000000000e+02,4.008615909090908502e+01
1.355000000000000000e+02,3.768238636363636829e+01
1.357500000000000000e+02,4.010472727272727411e+01
1.360000000000000000e+02,2.341079545454545752e+01
1.362500000000000000e+02,2.312704545454544292e+00
1.365000000000000000e+02,9.384090909090918586e-01
1.367500000000000000e+02,1.118477272727272043e+00
1.370000000000000000e+02,1.778409090909081058e-01
1.372500000000000000e+02,2.047659090909091706e+00
1.375000000000000000e+02,6.952272727272720276e-01
1.377500000000000000e+02,3.132022727272727902e+00
1.380000000000000000e+02,1.007954545454544215e+00
1.382500000000000000e+02,3.378000000000000114e+00
1.385000000000000000e+02,2.596499999999999808e+00
1.387500000000000000e+02,3.731250000000000178e+00
1.390000000000000000e+02,2.535863636363635987e+00
1.392500000000000000e+02,2.487159090909091930e+00
1.395000000000000000e+02,1.575272727272727824e+00
1.397500000000000000e+02,1.027272727272728003e+00
1.400000000000000000e+02,3.733113636363635912e+00
1.402500000000000000e+02,3.713106818181817914e+01
1.405000000000000000e+02,3.328754545454545877e+01
1.407500000000000000e+02,-1.771954545454544228e+00
1.410000000000000000e+02,2.412852272727272762e+01
1.412500000000000000e+02,3.949102272727272833e+01
1.415000000000000000e+02,2.512463636363636255e+01
1.417500000000000000e+02,3.600090909090908120e+00
1.420000000000000000e+02,2.561613636363635926e+00
1.422500000000000000e+02,-6.673636363636360480e-01
1.425000000000000000e+02,-9.225909090909081289e-01
1.427500000000000000e+02,5.504318181818198541e-01
1.430000000000000000e+02,2.545090909090907960e+00
1.432500000000000000e+02,2.765204545454543972e+00
1.435000000000000000e+02,4.131031818181817528e+01
1.437500000000000000e+02,3.531175000000000352e+01
1.440000000000000000e+02,4.207124999999999915e+01
1.442500000000000000e+02,4.145497727272726962e+01
1.445000000000000000e+02,4.266040909090909139e+01
1.447500000000000000e+02,3.879020454545454299e+01
1.450000000000000000e+02,7.176909090909092015e+00
1.452500000000000000e+02,4.114772727272720809e-01
1.455000000000000000e+02,2.022797727272727286e+01
1.457500000000000000e+02,3.958250000000000313e+01
1.460000000000000000e+02,3.571956818181817539e+01
1.462500000000000000e+02,4.206152272727273100e+01
1.465000000000000000e+02,4.214629545454545934e+01
1.467500000000000000e+02,3.920506818181817721e+01
1.470000000000000000e+02,4.389781818181817385e+01
1.472500000000000000e+02,1.460540909090909167e+01
1.475000000000000000e+02,1.461727272727272098e+00
1.477500000000000000e+02,-1.056431818181819748e+00
1.480000000000000000e+02,1.700477272727272116e+00
1.482500000000000000e+02,2.297681818181819935e+00
1.485000000000000000e+02,1.154272727272728005e+00
1.487500000000000000e+02,-7.089999999999999636e-01
1.490000000000000000e+02,2.080731818181817872e+01
1.492500000000000000e+02,2.657384090909090801e+01
1.495000000000000000e+02,8.963113636363635450e+00
1.497500000000000000e+02,1.140145454545454484e+01
1.500000000000000000e+02,9.443636363636363384e+00
1.502500000000000000e+02,8.675727272727272066e+00
1.505000000000000000e+02,1.090593181818181989e+01
1.507500000000000000e+02,8.797863636363636886e+00
1.510000000000000000e+02,1.202220454545454409e+01
1.512500000000000000e+02,9.069909090909092697e+00
1.515000000000000000e+02,1.013218181818182018e+01
1.517500000000000000e+02,1.220138636363636309e+01
1.520000000000000000e+02,7.054227272727271902e+00
1.522500000000000000e+02,1.083425000000000082e+01
1.525000000000000000e+02,1.109575000000000067e+01
1.527500000000000000e+02,9.918386363636363612e+00
1.530000000000000000e+02,8.502977272727271441e+00
1.532500000000000000e+02,1.048486363636363627e+01
1.535000000000000000e+02,1.285029545454545641e+01
1.537500000000000000e+02,1.507797727272727251e+01
1.540000000000000000e+02,1.043620454545454379e+01
1.542500000000000000e+02,8.273636363636363455e+00
1.545000000000000000e+02,9.970022727272727536e+00
1.547500000000000000e+02,1.121674999999999933e+01
1.550000000000000000e+02,1.253361363636363635e+01
1.552500000000000000e+02,1.261302272727272822e+01
1.555000000000000000e+02,8.800681818181820049e+00
1.557500000000000000e+02,8.624704545454545013e+00
1.560000000000000000e+02,6.832613636363635834e+00
1.562500000000000000e+02,7.449386363636364194e+00
1.565000000000000000e+02,1.066713636363636475e+01
1.567500000000000000e+02,1.079027272727272724e+01
1.570000000000000000e+02,1.255363636363636459e+01
1.572500000000000000e+02,1.004281818181818053e+01
1.575000000000000000e+02,8.694477272727272776e+00
1.577500000000000000e+02,1.127527272727272845e+01
1.580000000000000000e+02,1.056847727272727155e+01
1.582500000000000000e+02,1.127797727272727180e+01
1.585000000000000000e+02,8.383886363636364081e+00
1.587500000000000000e+02,1.013199999999999967e+01
1.590000000000000000e+02,9.181613636363636033e+00
1.592500000000000000e+02,9.787090909090908397e+00
1.595000000000000000e+02,7.041795454545455968e+00
1.597500000000000000e+02,1.039075000000000060e+01
1.600000000000000000e+02,7.974000000000000199e+00
1.602500000000000000e+02,9.160863636363636431e+00
1.605000000000000000e+02,8.933249999999999247e+00
1.607500000000000000e+02,8.972636363636363299e+00
1.610000000000000000e+02,1.005009090909090830e+01
1.612500000000000000e+02,9.302272727272727693e+00
1.615000000000000000e+02,9.654704545454544373e+00
1.617500000000000000e+02,8.266409090909091262e+00
1.620000000000000000e+02,1.183086363636363636e+01
1.622500000000000000e+02,1.052079545454545517e+01
1.625000000000000000e+02,8.553045454545456394e+00
1.627500000000000000e+02,9.586249999999999716e+00
1.630000000000000000e+02,9.231704545454544331e+00
1.632500000000000000e+02,1.086054545454545561e+01
1.635000000000000000e+02,9.853704545454544217e+00
1.637500000000000000e+02,8.916272727272728460e+00
1.640000000000000000e+02,7.352954545454544188e+00
1.642500000000000000e+02,1.012254545454545607e+01
1.645000000000000000e+02,8.115613636363635308e+00
1.647500000000000000e+02,8.566068181818179639e+00
1.650000000000000000e+02,9.680681818181819054e+00
1.652500000000000000e+02,1.091493181818182023e+01
1.655000000000000000e+02,9.034045454545456266e+00
1.657500000000000000e+02,9.142636363636363228e+00
1.660000000000000000e+02,1.235059090909090784e+01
1.662500000000000000e+02,1.256168181818181928e+01
1.665000000000000000e+02,1.091397727272727280e+01
1.667500000000000000e+02,8.422590909090908795e+00
1.670000000000000000e+02,8.598113636363635237e+00
1.672500000000000000e+02,1.050290909090909253e+01
1.675000000000000000e+02,1.231711363636363643e+01
1.677500000000000000e+02,7.219500000000000028e+00
1.680000000000000000e+02,8.448227272727272918e+00
1.682500000000000000e+02,1.254638636363636373e+01
1.685000000000000000e+02,1.176020454545454363e+01
1.687500000000000000e+02,1.129986363636363578e+01
1.690000000000000000e+02,9.267204545454543307e+00
1.692500000000000000e+02,1.173561363636363630e+01
1.695000000000000000e+02,9.512295454545455442e+00
1.697500000000000000e+02,9.063000000000000611e+00
1.700000000000000000e+02,1.337768181818182001e+01
1.702500000000000000e+02,1.389768181818181958e+01
1.705000000000000000e+02,1.114052272727272808e+01
1.707500000000000000e+02,1.001722727272727198e+01
1.710000000000000000e+02,7.747977272727272435e+00
1.712500000000000000e+02,9.652045454545456593e+00
1.715000000000000000e+02,8.687295454545456153e+00
1.717500000000000000e+02,1.028886363636363876e+00
1.720000000000000000e+02,-1.066999999999999948e+00
1.722500000000000000e+02,-1.042681818181819819e+00
1.725000000000000000e+02,2.839022727272727753e+00
1.727500000000000000e+02,3.306386363636363956e+00
1.730000000000000000e+02,1.148340909090908024e+00
1.732500000000000000e+02,4.566818181818198541e-01
1.735000000000000000e+02,1.415090909090908067e+00
1.737500000000000000e+02,1.229604545454545672e+01
1.740000000000000000e+02,8.676750000000000185e+00
1.742500000000000000e+02,1.178875000000000028e+01
1.745000000000000000e+02,1.059627272727272818e+01
1.747500000000000000e+02,8.031909090909092441e+00
1.750000000000000000e+02,4.987477272727272037e+00
1.752500000000000000e+02,6.907659090909091582e+00
1.755000000000000000e+02,9.779954545454543791e+00
1.757500000000000000e+02,1.040720454545454388e+01
1.760000000000000000e+02,8.167749999999999844e+00
1.762500000000000000e+02,9.710295454545455840e+00
1.765000000000000000e+02,1.180881818181818055e+01
1.767500000000000000e+02,1.062177272727272737e+01
1.770000000000000000e+02,9.243454545454543592e+00
1.772500000000000000e+02,7.556227272727271682e+00
1.775000000000000000e+02,2.738227272727272066e+00
1.777500000000000000e+02,-1.708863636363639749e-01
1.780000000000000000e+02,-3.474545454545441281e-01
1.782500000000000000e+02,1.518886363636363868e+00
1.785000000000000000e+02,2.162499999999999978e-01
1.787500000000000000e+02,-8.863181818181801175e-01
1.790000000000000000e+02,1.892727272727279253e-01
1.792500000000000000e+02,1.340568181818180271e+00
1.795000000000000000e+02,3.825000000000000178e+00
1.797500000000000000e+02,1.807293181818182148e+01
1.800000000000000000e+02,1.640227272727271979e+00
1.802500000000000000e+02,9.516363636363639467e-01
1.805000000000000000e+02,6.274545454545441547e-01
1.807500000000000000e+02,-4.076136363636360116e-01
1.810000000000000000e+02,5.233636363636360311e-01
1.812500000000000000e+02,1.824602272727272734e+01
1.815000000000000000e+02,1.006197727272727249e+01
1.817500000000000000e+02,1.280204545454544096e+00
1.820000000000000000e+02,2.720363636363635873e+00
1.822500000000000000e+02,1.745681818181819889e+00
1.825000000000000000e+02,3.450000000000000178e+00
1.827500000000000000e+02,5.107500000000000373e-01
1.830000000000000000e+02,1.981363636363639713e-01
1.832500000000000000e+02,-8.783181818181801104e-01
1.835000000000000000e+02,5.207954545454558382e-01
1.837500000000000000e+02,-3.655681818181801823e-01
1.840000000000000000e+02,-4.904090909090919048e-01
1.842500000000000000e+02,-6.918636363636360143e-01
1.845000000000000000e+02,-5.849772727272720685e-01
1.847500000000000000e+02,1.986818181818198470e-01
1.850000000000000000e+02,-1.235022727272727883e+00
1.852500000000000000e+02,1.883477272727272167e+00
1.855000000000000000e+02,8.141136363636359841e-01
1.857500000000000000e+02,1.193090909090908092e+00
1.860000000000000000e+02,1.860727272727272119e+00
1.862500000000000000e+02,1.225318181818180197e+00
1.865000000000000000e+02,-6.171590909090919341e-01
1.867500000000000000e+02,-2.262727272727272254e+00
1.870000000000000000e+02,-1.234204545454544055e+00
1.872500000000000000e+02,1.765159090909091955e+00
1.875000000000000000e+02,1.205977272727272176e+00
1.877500000000000000e+02,-3.819318181818198155e-01
1.880000000000000000e+02,-3.584795454545455673e+00
1.882500000000000000e+02,2.047795454545455751e+00
1.885000000000000000e+02,2.837318181818180296e+00
1.887500000000000000e+02,1.798045454545455835e+00
1.890000000000000000e+02,4.240227272727279395e-01
1.892500000000000000e+02,-1.270681818181819800e+00
1.895000000000000000e+02,2.506522727272727735e+00
1.897500000000000000e+02,2.564772727272727870e+00
1.900000000000000000e+02,2.676556818181818187e+01
1.902500000000000000e+02,4.554249999999999687e+01
1.905000000000000000e+02,9.970431818181820560e+00
1.907500000000000000e+02,1.229659090909091868e+00
1.910000000000000000e+02,1.229818181818180145e+00
1.912500000000000000e+02,8.604772727272720356e-01
1.915000000000000000e+02,1.757622727272727303e+01
1.917500000000000000e+02,6.795227272727278889e-01
1.920000000000000000e+02,-1.148090909090908163e+00
1.922500000000000000e+02,1.868872727272727374e+01
1.925000000000000000e+02,3.954118181818182620e+01
1.927500000000000000e+02,4.217829545454545581e+01
1.930000000000000000e+02,3.611975000000000335e+01
1.932500000000000000e+02,3.562754545454545507e+01
1.935000000000000000e+02,3.711904545454545712e+01
1.937500000000000000e+02,3.699765909090908877e+01
1.940000000000000000e+02,2.852974999999999994e+01
1.942500000000000000e+02,-1.254022727272728011e+00
1.945000000000000000e+02,-6.527272727272720454e-01
1.947500000000000000e+02,-1.136545454545455858e+00
1.950000000000000000e+02,-2.370000000000000107e+00
1.952500000000000000e+02,8.964999999999999636e-01
1.955000000000000000e+02,1.434545454545455900e+00
1.957500000000000000e+02,2.141772727272727828e+00
1.960000000000000000e+02,4.145295454545455449e+00
1.962500000000000000e+02,4.247727272727206543e-02
1.965000000000000000e+02,-1.545522727272727881e+00
1.967500000000000000e+02,-5.313181818181801352e-01
1.970000000000000000e+02,-1.846999999999999975e+00
1.972500000000000000e+02,-2.215159090909091688e+00
1.975000000000000000e+02,-9.191818181818198763e-01
1.977500000000000000e+02,1.868568181818180074e+00
1.980000000000000000e+02,-7.852272727272793795e-02
1.982500000000000000e+02,-7.270681818181801148e-01
1.985000000000000000e+02,-1.725386363636363996e+00
1.987500000000000000e+02,-1.839545454545441217e-01
1.990000000000000000e+02,-2.503000000000000114e+00
1.992500000000000000e+02,-1.235727272727272119e+00
1.995000000000000000e+02,8.536590909090918666e-01
1.997500000000000000e+02,2.929840909090907886e+00
2.000000000000000000e+02,1.836818181818198337e-01
2.002500000000000000e+02,3.333181818181801814e-01
2.005000000000000000e+02,-7.993181818181801512e-01
2.007500000000000000e+02,8.002954545454559199e-01
2.010000000000000000e+02,4.183386363636364180e+00
2.012500000000000000e+02,6.961818181818197893e-01
2.015000000000000000e+02,3.157579545454545666e+01
2.017500000000000000e+02,3.326509090909091526e+01
2.020000000000000000e+02,3.934995454545454407e+01
2.022500000000000000e+02,2.673031818181818053e+01
2.025000000000000000e+02,8.648181818181801539e-01
2.027500000000000000e+02,1.498340909090908113e+00
2.030000000000000000e+02,-3.621818181818198257e-01
2.032500000000000000e+02,-6.753863636363639511e-01
2.035000000000000000e+02,1.903977272727272130e+00
2.037500000000000000e+02,-6.769090909090919039e-01
2.040000000000000000e+02,3.870318181818180214e+00
2.042500000000000000e+02,7.982045454545441121e-01
2.045000000000000000e+02,-3.109999999999999987e-01
2.047500000000000000e+02,-1.033431818181819839e+00
2.050000000000000000e+02,1.802818181818180099e+00
2.052500000000000000e+02,7.461818181818198337e-01
2.055000000000000000e+02,-1.957750000000000101e+00
2.057500000000000000e+02,4.361363636363603524e-02
2.060000000000000000e+02,9.234090909090919563e-01
2.062500000000000000e+02,1.498090909090908029e+00
2.065000000000000000e+02,4.549999999999999878e-02
2.067500000000000000e+02,-6.732727272727279111e-01
2.070000000000000000e+02,-7.744545454545441743e-01
2.072500000000000000e+02,2.591931818181819835e+00
2.075000000000000000e+02,-8.870909090909081529e-01
2.077500000000000000e+02,3.077249999999999819e+00
2.080000000000000000e+02,6.431590909090918462e-01
2.082500000000000000e+02,-6.536363636363602680e-02
2.085000000000000000e+02,1.537586363636363629e+01
2.087500000000000000e+02,3.581709090909091486e+01
2.090000000000000000e+02,3.687981818181817317e+01
2.092500000000000000e+02,3.339427272727272822e+01
2.095000000000000000e+02,1.088868181818181924e+01
2.097500000000000000e+02,9.817045454545455740e+00
2.100000000000000000e+02,9.249931818181819310e+00
2.102500000000000000e+02,1.132804545454545675e+01
2.105000000000000000e+02,1.082925000000000004e+01
2.107500000000000000e+02,1.220859090909090838e+01
2.110000000000000000e+02,7.480181818181820042e+00
2.112500000000000000e+02,9.778840909090908085e+00
2.115000000000000000e+02,1.107659090909090871e+01
2.117500000000000000e+02,1.026943181818182005e+01
2.120000000000000000e+02,7.825227272727271810e+00
2.122500000000000000e+02,1.222434090909090898e+01
2.125000000000000000e+02,1.136140909090909190e+01
2.127500000000000000e+02,1.349486363636363606e+01
2.130000000000000000e+02,1.128402272727272759e+01
2.132500000000000000e+02,1.020947727272727157e+01
2.135000000000000000e+02,9.999227272727271298e+00
2.137500000000000000e+02,1.120461363636363572e+01
2.140000000000000000e+02,8.432886363636363569e+00
2.142500000000000000e+02,9.434977272727271824e+00
2.145000000000000000e+02,8.657954545454543904e+00
2.147500000000000000e+02,1.032768181818181930e+01
2.150000000000000000e+02,1.022740909090909156e+01
2.152500000000000000e+02,7.988909090909092292e+00
2.155000000000000000e+02,9.405431818181819281e+00
2.157500000000000000e+02,1.006465909090909250e+01
2.160000000000000000e+02,1.104977272727272819e+01
2.162500000000000000e+02,1.128899999999999970e+01
2.165000000000000000e+02,1.204461363636363558e+01
2.167500000000000000e+02,1.185686363636363616e+01
2.170000000000000000e+02,1.023520454545454328e+01
2.172500000000000000e+02,9.938840909090908227e+00
2.175000000000000000e+02,7.558431818181819750e+00
2.177500000000000000e+02,1.815409090909091860e+00
2.180000000000000000e+02,-1.992318181818180101e+00
2.182500000000000000e+02,1.263068181818180147e+00
2.185000000000000000e+02,7.929090909090918959e-01
2.187500000000000000e+02,1.062954545454544153e+00
2.190000000000000000e+02,1.256045454545455797e+00
2.192500000000000000e+02,-3.748863636363639618e-01
2.195000000000000000e+02,2.665931818181819679e+00
2.197500000000000000e+02,-1.630227272727271970e+00
2.200000000000000000e+02,-1.805931818181819803e+00
2.202500000000000000e+02,-7.112045454545441459e-01
2.205000000000000000e+02,3.425886363636363896e+00
2.207500000000000000e+02,1.849909090909091836e+00
2.210000000000000000e+02,1.021500000000000075e+00
2.212500000000000000e+02,1.871159090909091827e+00
2.215000000000000000e+02,2.664659090909091699e+00
2.217500000000000000e+02,4.486136363636360480e-01
2.220000000000000000e+02,-1.552590909090908022e+00
2.222500000000000000e+02,9.649545454545441769e-01
2.225000000000000000e+02,7.597045454545441334e-01
2.227500000000000000e+02,1.671113636363636079e+00
2.230000000000000000e+02,1.814886363636363908e+00
2.232500000000000000e+02,1.264977272727272117e+00
2.235000000000000000e+02,1.751681818181819894e+00
2.237500000000000000e+02,7.195454545454558204e-01
2.240000000000000000e+02,2.924340909090908269e+00
2.242500000000000000e+02,2.993568181818180296e+00
2.245000000000000000e+02,3.092499999999999805e+00
2.247500000000000000e+02,1.165409090909091949e+00
2.250000000000000000e+02,1.302636363636364036e+00
2.252500000000000000e+02,2.867409090909091685e+00
2.255000000000000000e+02,1.646977272727272013e+00
2.257500000000000000e+02,1.564840909090908116e+00
2.260000000000000000e+02,-4.249090909090908141e+00
2.262500000000000000e+02,3.695613636363635823e+00
2.265000000000000000e+02,1.461840909090908136e+00
2.267500000000000000e+02,-1.400409090909091825e+00
2.270000000000000000e+02,1.974818181818180252e+00
2.272500000000000000e+02,3.320681818181819622e+00
2.275000000000000000e+02,7.557022727272728169e+00
2.277500000000000000e+02,1.234131818181817941e+01
2.280000000000000000e+02,8.906818181818179525e+00
2.282500000000000000e+02,7.929477272727272208e+00
2.285000000000000000e+02,1.203834090909090726e+01
2.287500000000000000e+02,1.085702272727272799e+01
2.290000000000000000e+02,1.308200000000000074e+01
2.292500000000000000e+02,1.147375000000000078e+01
2.295000000000000000e+02,1.306556818181818080e+01
2.297500000000000000e+02,1.517843181818181897e+01
2.300000000000000000e+02,1.074070454545454467e+01
2.302500000000000000e+02,1.081515909090909133e+01
2.305000000000000000e+02,9.446863636363636019e+00
2.307500000000000000e+02,9.301886363636363342e+00
2.310000000000000000e+02,1.013593181818182032e+01
2.312500000000000000e+02,1.078672727272727272e+01
2.315000000000000000e+02,1.160702272727272799e+01
2.317500000000000000e+02,9.477295454545455300e+00
2.320000000000000000e+02,9.173840909090907658e+00
2.322500000000000000e+02,9.485363636363636886e+00
2.325000000000000000e+02,1.271934090909090820e+01
2.327500000000000000e+02,1.180968181818182039e+01
2.330000000000000000e+02,1.068863636363636438e+01
2.332500000000000000e+02,8.134681818181819679e+00
2.335000000000000000e+02,1.055879545454545543e+01
2.337500000000000000e+02,1.004002272727272782e+01
2.340000000000000000e+02,1.193156818181818046e+01
2.342500000000000000e+02,7.601022727272727764e+00
2.345000000000000000e+02,9.120136363636364152e+00
2.347500000000000000e+02,8.684159090909091105e+00
2.350000000000000000e+02,9.566840909090908340e+00
2.352500000000000000e+02,9.688454545454543876e+00
2.355000000000000000e+02,9.659499999999999531e+00
2.357500000000000000e+02,9.987727272727271455e+00
2.360000000000000000e+02,1.085265909090909275e+01
2.362500000000000000e+02,1.078400000000000070e+01
2.365000000000000000e+02,1.133561363636363595e+01
2.367500000000000000e+02,1.152618181818182030e+01
2.370000000000000000e+02,1.185090909090909150e+01
2.372500000000000000e+02,1.249731818181817999e+01
2.375000000000000000e+02,1.050665909090909267e+01
2.377500000000000000e+02,9.734295454545456749e+00
2.380000000000000000e+02,1.304945454545454453e+01
2.382500000000000000e+02,1.078218181818182053e+01
2.385000000000000000e+02,1.179565909090909237e+01
2.387500000000000000e+02,6.076568181818180037e+00
2.390000000000000000e+02,1.543931818181819793e+00
2.392500000000000000e+02,1.059181818181819779e+00
2.395000000000000000e+02,2.737295454545455975e+00
2.397500000000000000e+02,3.021090909090907939e+00
