3.333333333333333287e-02,2.556330158730163760e+01
1.666666666666666574e-01,5.229828571428576822e+01
2.999999999999999889e-01,2.182412698412701957e+01
4.333333333333333481e-01,7.447898412698414461e+01
5.666666666666666519e-01,5.289130158730156239e+01
6.999999999999999556e-01,6.026857142857143401e+01
8.333333333333333703e-01,4.835288888888886305e+01
9.666666666666666741e-01,4.474653968253970504e+01
1.100000000000000089e+00,-2.139301587301566610e+00
1.233333333333333393e+00,4.142107936507934340e+01
1.366666666666666696e+00,2.146438095238094590e+01
1.500000000000000000e+00,2.552711111111111819e+01
1.633333333333333304e+00,2.883060317460317634e+01
1.766666666666666607e+00,-1.708419047619047504e+01
1.899999999999999911e+00,3.732876190476190459e+01
2.033333333333333215e+00,5.366120634920634558e+01
2.166666666666666519e+00,5.943238095238097429e+00
2.299999999999999822e+00,-5.219073015873014754e+01
2.433333333333333126e+00,1.286361904761909258e+01
2.566666666666666874e+00,3.366476190476170416e+00
2.700000000000000178e+00,3.282031746031750075e+00
2.833333333333333481e+00,-5.151873015873018602e+01
2.966666666666666785e+00,-3.580419047619050588e+01
3.100000000000000089e+00,5.541333333333319899e+00
3.233333333333333393e+00,-3.068965079365079518e+01
3.366666666666666696e+00,-3.413384126984131228e+01
3.500000000000000000e+00,-2.065206349206353309e+01
3.633333333333333304e+00,1.437434920634918534e+01
3.766666666666666607e+00,-3.294323809523807256e+01
3.899999999999999911e+00,-3.598768253968250974e+01
4.033333333333333215e+00,2.410311111111109383e+01
4.166666666666666963e+00,6.832253968253938936e+00
4.299999999999999822e+00,1.435377777777780750e+01
4.433333333333333570e+00,5.398031746031742983e+01
4.566666666666666430e+00,4.825638095238093683e+01
4.700000000000000178e+00,-4.291885714285711373e+01
4.833333333333333037e+00,-2.084799999999997766e+01
4.966666666666666785e+00,-1.950819047619045321e+01
5.099999999999999645e+00,3.867428571428556339e+00
5.233333333333333393e+00,-1.886844444444445656e+01
5.366666666666666252e+00,-2.402107936507936969e+01
5.500000000000000000e+00,5.475644444444445469e+01
5.633333333333333748e+00,1.247296507936507908e+02
5.766666666666666607e+00,1.349495873015873144e+02
5.900000000000000355e+00,5.058653968253968713e+01
6.033333333333333215e+00,-2.558717460317461700e+01
6.166666666666666963e+00,-7.141333333333340860e+00
6.299999999999999822e+00,1.854717460317462852e+01
6.433333333333333570e+00,2.335746031746034390e+01
6.566666666666666430e+00,-2.028888888888889142e+01
6.700000000000000178e+00,-1.219733333333333647e+01
6.833333333333333037e+00,1.076228571428569225e+01
6.966666666666666785e+00,3.026361904761907340e+01
7.099999999999999645e+00,-1.300723809523808505e+01
7.233333333333333393e+00,4.920812698412701991e+01
7.366666666666666252e+00,5.796177777777778317e+01
7.500000000000000000e+00,2.712126984126964402e+00
7.633333333333333748e+00,4.083834920634922128e+01
7.766666666666666607e+00,6.704253968253965468e+00
7.900000000000000355e+00,-1.814209523809524782e+01
8.033333333333333215e+00,-4.717346031746033219e+01
8.166666666666666075e+00,-5.569079365079367250e+01
8.300000000000000711e+00,-2.560380952380953801e+01
8.433333333333333570e+00,-4.666768253968255920e+01
8.566666666666666430e+00,-5.663276190476189242e+01
8.699999999999999289e+00,-5.053904761904767184e+01
8.833333333333333925e+00,2.270844444444442445e+01
8.966666666666666785e+00,-4.151238095238092285e+00
9.099999999999999645e+00,3.431474285714286339e+02
9.233333333333332504e+00,8.961958095238095439e+02
9.366666666666667140e+00,8.766373333333334585e+02
9.500000000000000000e+00,8.018660317460316946e+02
9.633333333333332860e+00,7.546206984126985162e+02
9.766666666666667496e+00,7.045104761904761972e+02
9.900000000000000355e+00,6.529827301587301918e+02
1.003333333333333321e+01,5.409592380952381063e+02
1.016666666666666607e+01,6.256914285714285597e+02
1.030000000000000071e+01,6.311757460317460300e+02
1.043333333333333357e+01,6.287566984126984835e+02
1.056666666666666643e+01,6.121348571428571859e+02
1.069999999999999929e+01,5.875996190476190577e+02
1.083333333333333393e+01,5.881230476190477248e+02
1.096666666666666679e+01,5.857410793650793721e+02
1.109999999999999964e+01,6.843799365079365771e+02
1.123333333333333250e+01,6.984054603174603244e+02
1.136666666666666714e+01,7.072182857142857983e+02
1.150000000000000000e+01,7.423347301587302809e+02
1.163333333333333286e+01,6.226732698412698710e+02
1.176666666666666750e+01,5.938646349206350123e+02
1.190000000000000036e+01,5.319812063492063317e+02
1.203333333333333321e+01,6.960717460317461018e+02
1.216666666666666607e+01,6.830248888888888814e+02
1.230000000000000071e+01,7.932422857142857993e+02
1.243333333333333357e+01,7.511777777777779193e+02
1.256666666666666643e+01,7.185448888888889769e+02
1.269999999999999929e+01,7.098370793650794894e+02
1.283333333333333393e+01,7.424792380952380881e+02
1.296666666666666679e+01,6.469533968253967942e+02
1.309999999999999964e+01,6.346321269841270123e+02
1.323333333333333250e+01,6.193593650793651477e+02
1.336666666666666714e+01,6.395652063492063917e+02
1.350000000000000000e+01,5.396759365079365125e+02
1.363333333333333286e+01,6.161391746031746379e+02
1.376666666666666750e+01,7.016264126984126506e+02
1.390000000000000036e+01,6.736867301587302563e+02
1.403333333333333321e+01,7.182913015873017457e+02
1.416666666666666607e+01,6.687866666666667470e+02
1.430000000000000071e+01,6.248199365079365180e+02
1.443333333333333357e+01,6.084798730158730677e+02
1.456666666666666643e+01,6.813657142857143754e+02
1.469999999999999929e+01,6.268819047619047069e+02
1.483333333333333393e+01,6.481010793650793858e+02
1.496666666666666679e+01,7.108453333333333148e+02
1.509999999999999964e+01,6.992031746031747161e+02
1.523333333333333250e+01,7.273440000000001646e+02
1.536666666666666714e+01,8.107572063492063990e+02
1.550000000000000000e+01,7.778918095238094566e+02
1.563333333333333286e+01,7.226985396825396037e+02
1.576666666666666750e+01,7.466144761904761253e+02
1.590000000000000036e+01,7.079603809523810014e+02
1.603333333333333499e+01,6.875048888888888996e+02
1.616666666666666785e+01,5.887857777777778665e+02
1.630000000000000071e+01,4.177598730158730973e+02
1.643333333333333357e+01,2.552380952380953971e+01
1.656666666666666643e+01,8.658933333333328619e+01
1.669999999999999929e+01,8.128507936507934062e+01
1.683333333333333215e+01,1.241980952380949965e+01
1.696666666666666501e+01,-2.772495238095237369e+01
1.710000000000000142e+01,-3.988076190476188287e+01
1.723333333333333428e+01,-5.581460317460321896e+00
1.736666666666666714e+01,-2.802971428571429868e+01
1.750000000000000000e+01,7.968888888888866262e+00
1.763333333333333286e+01,-9.164444444444416860e+00
1.776666666666666572e+01,-4.477523809523807330e+01
1.789999999999999858e+01,-4.158285714285714363e+01
1.803333333333333499e+01,-1.500952380952185194e-01
1.816666666666666785e+01,2.469041269841268615e+01
1.830000000000000071e+01,4.067047619047639451e+00
1.843333333333333357e+01,-2.431999999999996120e+01
1.856666666666666643e+01,-7.840749206349208578e+01
1.869999999999999929e+01,-2.297511111111112214e+01
1.883333333333333215e+01,4.312895238095238710e+02
1.896666666666666501e+01,6.673813333333332594e+02
1.910000000000000142e+01,6.423009523809523671e+02
1.923333333333333428e+01,6.256652698412698328e+02
1.936666666666666714e+01,7.068975238095238183e+02
1.950000000000000000e+01,6.956370793650794440e+02
1.963333333333333286e+01,7.317001904761906417e+02
1.976666666666666572e+01,6.682204444444445244e+02
1.989999999999999858e+01,7.856838095238096003e+02
2.003333333333333499e+01,7.300669206349207343e+02
2.016666666666666785e+01,7.208769523809523889e+02
2.030000000000000071e+01,7.067627936507936965e+02
2.043333333333333357e+01,6.701666031746030967e+02
2.056666666666666643e+01,7.023243174603175021e+02
2.069999999999999929e+01,6.548693333333333157e+02
2.083333333333333215e+01,2.504904126984127117e+02
2.096666666666666501e+01,-2.010946031746029661e+01
2.110000000000000142e+01,-4.146844444444444377e+01
2.123333333333333428e+01,-8.415542857142857258e+01
2.136666666666666714e+01,1.988825396825428804e+00
2.150000000000000000e+01,2.947288888888893155e+01
2.163333333333333286e+01,-3.401561904761901900e+01
2.176666666666666572e+01,-4.180825396825390783e+00
2.189999999999999858e+01,-4.146692063492060498e+01
2.203333333333333499e+01,1.356469841269840870e+01
2.216666666666666785e+01,3.498603174603177024e+01
2.230000000000000071e+01,-5.651479365079364925e+01
2.243333333333333357e+01,-1.575238095238094438e+00
2.256666666666666643e+01,-1.260558730158729901e+01
2.269999999999999929e+01,-1.250666666666642612e+00
2.283333333333333215e+01,-1.143682539682540877e+01
2.296666666666666501e+01,-2.446069841269841305e+01
2.310000000000000142e+01,-4.418349206349208202e+01
2.323333333333333428e+01,-1.200749206349210318e+01
2.336666666666666714e+01,9.376507936507980645e+00
2.350000000000000000e+01,-4.062285714285715699e+01
2.363333333333333286e+01,-5.623377777777781716e+01
2.376666666666666572e+01,-2.707073015873017852e+01
2.389999999999999858e+01,8.904126984126992994e+00
2.403333333333333499e+01,-5.089269841269807415e+00
2.416666666666666785e+01,7.741701587301588461e+01
2.430000000000000071e+01,5.844101587301588552e+01
2.443333333333333357e+01,7.097523809523796245e+00
2.456666666666666643e+01,-6.687707936507933937e+01
2.469999999999999929e+01,-5.419682539682781908e-01
2.483333333333333215e+01,-9.848000000000004306e+00
2.496666666666666501e+01,6.500990476190477807e+01
2.510000000000000142e+01,7.237765079365077270e+01
2.523333333333333428e+01,2.191822222222221939e+01
2.536666666666666714e+01,4.202679365079362839e+01
2.550000000000000000e+01,5.130374603174603010e+01
2.563333333333333286e+01,4.871149206349210203e+01
2.576666666666666572e+01,1.670933333333332627e+01
2.589999999999999858e+01,3.971022222222223519e+01
2.603333333333333499e+01,5.169650793650792764e+01
2.616666666666666785e+01,5.120939682539681570e+01
2.630000000000000071e+01,9.575123809523806528e+01
2.643333333333333357e+01,1.625558095238095575e+02
2.656666666666666643e+01,9.791098412698414677e+01
2.669999999999999929e+01,1.636520634920636752e+01
2.683333333333333215e+01,-3.370057142857145038e+01
2.696666666666666501e+01,2.172317460317483295e+00
2.710000000000000142e+01,-3.613346031746029752e+01
2.723333333333333428e+01,-3.032546031746032966e+01
2.736666666666666714e+01,-5.347873015873015135e+01
2.750000000000000000e+01,-3.192190476190475934e+01
2.763333333333333286e+01,3.875885714285716688e+01
2.776666666666666572e+01,1.643555555555555969e+01
2.789999999999999858e+01,-1.133980952380948182e+01
2.803333333333333499e+01,-2.364825396825395032e+01
2.816666666666666785e+01,-6.995771428571427464e+01
2.830000000000000071e+01,-4.659098412698413227e+01
2.843333333333333357e+01,5.201984761904761854e+02
2.856666666666666643e+01,7.598030476190476747e+02
2.869999999999999929e+01,6.767099682539683272e+02
2.883333333333333215e+01,8.684690793650795513e+02
2.896666666666666501e+01,8.261376507936508915e+02
2.910000000000000142e+01,7.574632380952382391e+02
2.923333333333333428e+01,6.694774603174603271e+02
2.936666666666666714e+01,7.849095873015874076e+02
2.950000000000000000e+01,7.215713015873016047e+02
2.963333333333333286e+01,6.336855873015872476e+02
2.976666666666666572e+01,7.091394285714286525e+02
2.989999999999999858e+01,7.507650793650794867e+02
3.003333333333333499e+01,7.099236825396825452e+02
3.016666666666666785e+01,7.078387301587301863e+02
3.030000000000000071e+01,6.014496507936507896e+02
3.043333333333333357e+01,7.372214603174602416e+02
3.056666666666666643e+01,7.164369523809525617e+02
3.069999999999999929e+01,6.923156825396827116e+02
3.083333333333333215e+01,6.309149206349206906e+02
3.096666666666666501e+01,7.669500952380952867e+02
3.110000000000000142e+01,7.612849523809525181e+02
3.123333333333333428e+01,7.318521904761905716e+02
3.136666666666666714e+01,7.816471111111111441e+02
3.150000000000000000e+01,7.083128888888888923e+02
3.163333333333333286e+01,6.602700952380953368e+02
3.176666666666666572e+01,7.002285714285715130e+02
3.189999999999999858e+01,6.142784761904762263e+02
3.203333333333333144e+01,6.498695873015873303e+02
3.216666666666666430e+01,6.007144126984128434e+02
3.229999999999999716e+01,5.325611428571428405e+02
3.243333333333333002e+01,5.869220317460317347e+02
3.256666666666666998e+01,6.564624761904761954e+02
3.270000000000000284e+01,6.642586666666667270e+02
3.283333333333333570e+01,6.950040634920635512e+02
3.296666666666666856e+01,7.696989206349205688e+02
3.310000000000000142e+01,8.156424126984127270e+02
3.323333333333333428e+01,6.683773968253966586e+02
3.336666666666666714e+01,7.013719365079364252e+02
3.350000000000000000e+01,8.343377777777778874e+02
3.363333333333333286e+01,7.963955555555555748e+02
3.376666666666666572e+01,7.136448253968254676e+02
3.389999999999999858e+01,7.045302857142858102e+02
3.403333333333333144e+01,7.502960000000000491e+02
3.416666666666666430e+01,7.533166984126985426e+02
3.429999999999999716e+01,6.287696507936508397e+02
3.443333333333333002e+01,5.953894603174603617e+02
3.456666666666666998e+01,7.190360634920634766e+02
3.470000000000000284e+01,6.660759365079364898e+02
3.483333333333333570e+01,6.491700317460317819e+02
3.496666666666666856e+01,7.159754920634920836e+02
3.510000000000000142e+01,6.196378412698413740e+02
3.523333333333333428e+01,6.339913650793650959e+02
3.536666666666666714e+01,7.266867301587302563e+02
3.550000000000000000e+01,6.346184126984128397e+02
3.563333333333333286e+01,5.141034920634921264e+02
3.576666666666666572e+01,5.585752380952380918e+02
3.589999999999999858e+01,5.466096507936508715e+02
3.603333333333333144e+01,6.332594285714286571e+02
3.616666666666666430e+01,1.091423492063492091e+02
3.629999999999999716e+01,-3.078679365079367614e+01
3.643333333333333002e+01,4.948584126984124509e+01
3.656666666666666998e+01,5.810196825396826625e+01
3.670000000000000284e+01,-1.424926984126987151e+01
3.683333333333333570e+01,2.078247619047616013e+01
3.696666666666666856e+01,1.209917460317465121e+01
3.710000000000000142e+01,1.651555555555560417e+01
3.723333333333333428e+01,1.499878095238095455e+02
3.736666666666666714e+01,6.256749206349206816e+02
3.750000000000000000e+01,4.546396190476190213e+02
3.763333333333333286e+01,-1.388685714285714212e+01
3.776666666666666572e+01,1.756063492063480780e+00
3.789999999999999858e+01,-4.925206349206360912e+00
3.803333333333333144e+01,1.904253968253972573e+01
3.816666666666666430e+01,3.107593650793653950e+01
3.829999999999999716e+01,1.382895238095236579e+01
3.843333333333333002e+01,5.779568253968255220e+01
3.856666666666666998e+01,2.699301587301601302e+00
3.870000000000000284e+01,-3.173180952380952746e+01
3.883333333333333570e+01,5.467936507936652646e-01
3.896666666666666856e+01,-3.227123809523809683e+01
3.910000000000000142e+01,1.474501587301583783e+01
3.923333333333333428e+01,2.210704761904758087e+01
3.936666666666666714e+01,1.065257142857142370e+01
3.950000000000000000e+01,1.239008253968253825e+02
3.963333333333333286e+01,3.527441269841272486e+01
3.976666666666666572e+01,-3.975428571428572155e+01
3.989999999999999858e+01,4.916384761904761262e+02
4.003333333333333144e+01,6.423111111111112450e+02
4.016666666666666430e+01,5.474688253968254230e+02
4.029999999999999716e+01,5.196370793650794440e+02
4.043333333333333002e+01,5.472766984126984653e+02
4.056666666666666998e+01,5.709550476190477184e+02
4.070000000000000284e+01,5.774440634920634920e+02
4.083333333333333570e+01,6.135483174603174348e+02
4.096666666666666856e+01,6.189897142857143990e+02
4.110000000000000142e+01,6.347643174603175567e+02
4.123333333333333428e+01,6.015127619047619874e+02
4.136666666666666714e+01,6.245086984126985499e+02
4.150000000000000000e+01,6.942838095238096230e+02
4.163333333333333286e+01,6.231596190476191168e+02
4.176666666666666572e+01,6.307644444444445071e+02
4.189999999999999858e+01,6.682902857142856874e+02
4.203333333333333144e+01,7.758888888888888005e+02
4.216666666666666430e+01,8.250365714285715057e+02
4.229999999999999716e+01,7.151980952380952203e+02
4.243333333333333002e+01,6.466286984126984407e+02
4.256666666666666998e+01,6.288224761904762090e+02
4.270000000000000284e+01,9.338557460317459800e+02
4.283333333333333570e+01,8.045094603174602526e+02
4.296666666666666856e+01,7.671876825396825552e+02
4.310000000000000142e+01,7.336703492063493286e+02
4.323333333333333428e+01,7.323593650793650340e+02
4.336666666666666714e+01,8.321627936507936738e+02
4.350000000000000000e+01,6.632430476190476156e+02
4.363333333333333286e+01,7.076815238095238101e+02
4.376666666666666572e+01,7.093286349206349541e+02
4.389999999999999858e+01,7.209848888888890315e+02
4.403333333333333144e+01,5.783570793650794712e+02
4.416666666666666430e+01,7.027973333333333130e+02
4.429999999999999716e+01,5.844071111111111350e+02
4.443333333333333002e+01,5.631817142857142926e+02
4.456666666666666998e+01,6.291401904761905826e+02
4.470000000000000284e+01,6.530217142857143244e+02
4.483333333333333570e+01,5.556092698412699065e+02
4.496666666666666856e+01,4.933272380952381013e+02
4.510000000000000142e+01,5.482082539682539846e+02
4.523333333333333428e+01,6.090184126984127033e+02
4.536666666666666714e+01,6.295272380952380900e+02
4.550000000000000000e+01,7.317779047619047788e+02
4.563333333333333286e+01,7.360995555555556393e+02
4.576666666666666572e+01,6.385734603174603308e+02
4.589999999999999858e+01,7.937672380952382127e+02
4.603333333333333144e+01,7.830299682539682635e+02
4.616666666666666430e+01,6.881509841269842127e+02
4.629999999999999716e+01,7.978236190476192178e+02
4.643333333333333002e+01,6.426882539682540028e+02
4.656666666666666998e+01,6.955809523809524535e+02
4.670000000000000284e+01,7.644565079365080464e+02
4.683333333333333570e+01,7.237490793650794103e+02
4.696666666666666856e+01,6.895160634920634948e+02
4.710000000000000142e+01,7.501098412698413540e+02
4.723333333333333428e+01,7.261118730158730159e+02
4.736666666666666714e+01,6.234758095238095166e+02
4.750000000000000000e+01,6.633438730158729868e+02
4.763333333333333286e+01,6.391626666666668370e+02
4.776666666666666572e+01,6.324466031746032968e+02
4.789999999999999858e+01,6.570333968253968351e+02
4.803333333333333144e+01,7.008586666666667497e+02
4.816666666666666430e+01,3.669724444444445339e+02
4.829999999999999716e+01,-4.104444444444443718e+01
4.843333333333333002e+01,-2.727352380952379463e+01
4.856666666666666998e+01,-1.624457142857143310e+01
4.870000000000000284e+01,-2.076863492063494121e+01
4.883333333333333570e+01,-5.917980952380953852e+01
4.896666666666666856e+01,-4.873104761904765780e+01
4.910000000000000142e+01,4.386717460317457551e+01
4.923333333333333428e+01,5.802044444444442206e+01
4.936666666666666714e+01,-1.648330158730161799e+01
4.950000000000000000e+01,-7.970057142857147880e+01
4.963333333333333286e+01,-4.442895238095240984e+01
4.976666666666666572e+01,-6.462336507936510088e+01
4.989999999999999858e+01,5.419441269841273368e+01
5.003333333333333144e+01,4.261815873015873990e+01
5.016666666666666430e+01,5.518057142857146857e+01
5.029999999999999716e+01,1.896533333333331939e+01
5.043333333333333002e+01,-2.789396825396825363e+01
5.056666666666666998e+01,-3.806095238095242905e+01
5.070000000000000284e+01,8.136634920634923773e+00
5.083333333333333570e+01,-3.969079365079369381e+01
5.096666666666666856e+01,-2.765714285714286902e+01
5.110000000000000142e+01,-2.173549206349207807e+01
5.123333333333333428e+01,-1.542476190476211872e+00
5.136666666666666714e+01,-3.409142857142842153e+00
5.150000000000000000e+01,1.271085714285711710e+01
5.163333333333333286e+01,4.098666666666623826e+00
5.176666666666666572e+01,-2.690971428571426571e+01
5.189999999999999858e+01,7.044799999999999329e+01
5.203333333333333144e+01,2.419682539682542100e+01
5.216666666666666430e+01,1.881904761904773071e+00
5.229999999999999716e+01,-3.917993650793648897e+01
5.243333333333333002e+01,1.113239365079365086e+02
5.256666666666666998e+01,2.208380952380951356e+01
5.270000000000000284e+01,-3.036990476190478461e+01
5.283333333333333570e+01,4.452825396825397064e+01
5.296666666666666856e+01,3.593866666666665566e+01
5.310000000000000142e+01,-5.130158730158882463e-01
5.323333333333333428e+01,-4.059568253968254936e+01
5.336666666666666714e+01,-4.530666666666660625e+00
5.350000000000000000e+01,-2.582120634920634217e+01
5.363333333333333286e+01,-2.584609523809522358e+01
5.376666666666666572e+01,-7.560380952380954511e+01
5.389999999999999858e+01,-1.952469841269842377e+01
5.403333333333333144e+01,-1.961625396825395384e+01
5.416666666666666430e+01,-5.483949206349207373e+01
5.429999999999999716e+01,3.925739682539681752e+01
5.443333333333333002e+01,8.250476190476192073e+01
5.456666666666666998e+01,5.615999999999961467e+00
5.470000000000000284e+01,9.223250793650794321e+01
5.483333333333333570e+01,1.324680634920634930e+02
5.496666666666666856e+01,9.844698412698413392e+01
5.510000000000000142e+01,3.902387301587300072e+01
5.523333333333333428e+01,3.796050793650793054e+01
5.536666666666666714e+01,5.042539682539682389e+01
5.550000000000000000e+01,3.409473015873014390e+01
5.563333333333333286e+01,2.504939682539681911e+01
5.576666666666666572e+01,2.258539682539684890e+01
5.589999999999999858e+01,-7.060317460316234417e-02
5.603333333333333144e+01,3.865777777777768875e+00
5.616666666666666430e+01,-2.103238095238113559e+00
5.629999999999999716e+01,-4.889269841269856087e+00
5.643333333333333002e+01,-2.976507936507912788e+00
5.656666666666666998e+01,-2.408253968253916355e+00
5.670000000000000284e+01,-1.146603174603174047e+01
5.683333333333333570e+01,2.443987301587305794e+01
5.696666666666666856e+01,4.800215873015870471e+01
5.710000000000000142e+01,8.159999999999847375e-01
5.723333333333333428e+01,3.721409523809523279e+01
5.736666666666666714e+01,1.123276190476188141e+01
5.750000000000000000e+01,-8.369523809523798263e+00
5.763333333333333286e+01,-3.419809523809476559e+00
5.776666666666666572e+01,-1.574120634920634743e+01
5.789999999999999858e+01,-3.302857142856963080e-01
5.803333333333333144e+01,1.645346031746035109e+01
5.816666666666666430e+01,2.336584126984128318e+01
5.829999999999999716e+01,5.037130158730158769e+01
5.843333333333333002e+01,3.300698412698412199e+01
5.856666666666666998e+01,-7.628698412698394549e+00
5.870000000000000284e+01,-2.208888888888871804e+00
5.883333333333333570e+01,-3.110552380952383089e+01
5.896666666666666856e+01,5.934831746031747457e+01
5.910000000000000142e+01,-2.406311111111113377e+01
5.923333333333333428e+01,-4.919326984126983859e+01
5.936666666666666714e+01,1.403174603174601742e+00
5.950000000000000000e+01,1.492342857142857326e+01
5.963333333333333286e+01,-4.001015873015878910e+00
5.976666666666666572e+01,3.884152380952380668e+01
5.989999999999999858e+01,2.799860317460315784e+01
6.003333333333333144e+01,4.857966984126984471e+02
6.016666666666666430e+01,7.645828571428572786e+02
6.029999999999999716e+01,7.179145396825397256e+02
6.043333333333333002e+01,6.356402539682540009e+02
6.056666666666666998e+01,6.432860952380952995e+02
6.070000000000000284e+01,7.214090158730159601e+02
6.083333333333333570e+01,5.979186031746031631e+02
6.096666666666666856e+01,6.165784126984126488e+02
6.110000000000000142e+01,5.738050793650793366e+02
6.123333333333333428e+01,6.683654603174602471e+02
6.136666666666666714e+01,6.721323174603174948e+02
6.150000000000000000e+01,6.882086349206349496e+02
6.163333333333333286e+01,6.858779682539683336e+02
6.176666666666666572e+01,6.007992380952381382e+02
6.189999999999999858e+01,6.335518730158730705e+02
6.203333333333333144e+01,6.537979682539682926e+02
6.216666666666666430e+01,6.571760000000001583e+02
6.229999999999999716e+01,6.288907936507937393e+02
6.243333333333333002e+01,6.509603809523810014e+02
6.256666666666666998e+01,7.004232380952380481e+02
6.270000000000000284e+01,5.910261587301588406e+02
6.283333333333333570e+01,6.697076825396826507e+02
6.296666666666666856e+01,6.427831111111111113e+02
6.310000000000000142e+01,6.258628571428572513e+02
6.323333333333333428e+01,5.918920634920634711e+02
6.336666666666666714e+01,6.588106666666667479e+02
6.350000000000000000e+01,6.951445079365080346e+02
6.363333333333333286e+01,7.382580317460317474e+02
6.376666666666666572e+01,7.311372698412698128e+02
6.389999999999999858e+01,6.823056507936507842e+02
6.403333333333333144e+01,6.537286349206349314e+02
6.416666666666667140e+01,6.980910476190475720e+02
6.429999999999999716e+01,7.283019682539681980e+02
6.443333333333333712e+01,7.318055873015874795e+02
6.456666666666666288e+01,6.411015873015874149e+02
6.470000000000000284e+01,6.187193650793651614e+02
6.483333333333332860e+01,6.431467936507937111e+02
6.496666666666666856e+01,6.936824126984126906e+02
6.509999999999999432e+01,7.349519999999999982e+02
6.523333333333333428e+01,6.241225396825396956e+02
6.536666666666666003e+01,6.620284444444445171e+02
6.550000000000000000e+01,6.075139047619047687e+02
6.563333333333333997e+01,6.080250158730159455e+02
6.576666666666666572e+01,7.160035555555556357e+02
6.590000000000000568e+01,7.697238095238095639e+02
6.603333333333333144e+01,6.899889523809524690e+02
6.616666666666667140e+01,7.552241269841269968e+02
6.629999999999999716e+01,7.303965714285715194e+02
6.643333333333333712e+01,7.592035555555556812e+02
6.656666666666666288e+01,6.775305396825397111e+02
6.670000000000000284e+01,5.662424126984127497e+02
6.683333333333332860e+01,5.947975873015873276e+02
6.696666666666666856e+01,5.761563174603174957e+02
6.709999999999999432e+01,6.518005079365079837e+02
6.723333333333333428e+01,5.801429841269841745e+02
6.736666666666666003e+01,4.296650158730159319e+02
6.750000000000000000e+01,2.895771428571427109e+01
6.763333333333333997e+01,2.957269841269838651e+01
6.776666666666666572e+01,8.770412698412702213e+00
6.790000000000000568e+01,5.776482539682540107e+01
6.803333333333333144e+01,6.804114285714288712e+01
6.816666666666667140e+01,-3.928761904761880697e+00
6.829999999999999716e+01,2.480596825396824201e+01
6.843333333333333712e+01,1.081523809523807778e+01
6.856666666666666288e+01,2.656482539682540533e+01
6.870000000000000284e+01,2.030476190476190013e+01
6.883333333333332860e+01,-2.550857142857104520e+00
6.896666666666666856e+01,2.345396825396844243e+00
6.909999999999999432e+01,1.722107936507939030e+01
6.923333333333333428e+01,5.984888888888871605e+00
6.936666666666666003e+01,1.301206349206352542e+01
6.950000000000000000e+01,-1.015428571428567572e+01
6.963333333333333997e+01,-5.062755555555557407e+01
6.976666666666666572e+01,-1.760926984126983896e+01
6.990000000000000568e+01,1.952253968253970129e+00
7.003333333333333144e+01,-1.086311111111113092e+01
7.016666666666667140e+01,1.039949206349208488e+01
7.029999999999999716e+01,6.250920634920657193e+00
7.043333333333333712e+01,5.202247619047621185e+01
7.056666666666666288e+01,2.092507936507934474e+01
7.070000000000000284e+01,-2.902717460317460407e+01
7.083333333333332860e+01,-2.452888888888890406e+01
7.096666666666666856e+01,2.263339682539683650e+01
7.109999999999999432e+01,8.943873015873007759e+00
7.123333333333333428e+01,8.484761904761904816e+01
7.136666666666666003e+01,5.023123809523809769e+01
7.150000000000000000e+01,-5.981714285714269330e+00
7.163333333333333997e+01,-1.685688888888887504e+01
7.176666666666666572e+01,2.288380952380958178e+00
7.190000000000000568e+01,1.080619682539682316e+02
7.203333333333333144e+01,4.353320634920638099e+01
7.216666666666667140e+01,2.012838095238096514e+01
7.229999999999999716e+01,-8.092825396825400475e+00
7.243333333333333712e+01,4.639873015873083872e+00
7.256666666666666288e+01,9.989003174603178081e+01
7.270000000000000284e+01,1.054326349206349391e+02
7.283333333333332860e+01,6.273295238095236215e+01
7.296666666666666856e+01,5.799860317460316139e+01
7.309999999999999432e+01,1.290539682539701083e+00
7.323333333333333428e+01,-5.772190476190508512e+00
7.336666666666666003e+01,3.704063492063496454e+01
7.350000000000000000e+01,5.777473015873020756e+01
7.363333333333333997e+01,2.861561904761904174e+01
7.376666666666666572e+01,2.355733333333335011e+01
7.390000000000000568e+01,1.183466666666665645e+01
7.403333333333333144e+01,7.844076190476189936e+01
7.416666666666667140e+01,1.343870476190476495e+02
7.429999999999999716e+01,9.917244444444447993e+01
7.443333333333333712e+01,9.057028571428568853e+01
7.456666666666666288e+01,4.243644444444439756e+01
7.470000000000000284e+01,7.085549206349207907e+01
7.483333333333332860e+01,5.515326984126983945e+01
7.496666666666666856e+01,2.235834920634919953e+01
7.509999999999999432e+01,-1.759403174603176012e+01
7.523333333333333428e+01,-3.437092063492063687e+01
7.536666666666666003e+01,-2.161142857142838380e+00
7.550000000000000000e+01,-2.032584126984126982e+01
7.563333333333333997e+01,-1.816253968253954021e+00
7.576666666666666572e+01,-2.775238095238096392e+01
7.590000000000000568e+01,-3.177041269841270221e+01
7.603333333333333144e+01,3.199999999999977973e+00
7.616666666666667140e+01,-2.689282539682540119e+01
7.629999999999999716e+01,-1.528215873015870230e+01
7.643333333333333712e+01,2.108876190476189549e+01
7.656666666666666288e+01,3.913142857142856457e+01
7.670000000000000284e+01,3.109930158730158212e+01
7.683333333333332860e+01,5.062628571428570012e+01
7.696666666666666856e+01,9.069346031746030690e+01
7.709999999999999432e+01,1.283693968253968478e+02
7.723333333333333428e+01,5.656393650793649641e+01
7.736666666666666003e+01,4.313206349206350865e+01
7.750000000000000000e+01,1.684215873015873299e+01
7.763333333333333997e+01,-3.327758730158730316e+01
7.776666666666666572e+01,-4.617447619047623419e+01
7.790000000000000568e+01,-1.511479365079365245e+01
7.803333333333333144e+01,-3.400063492063491566e+01
7.816666666666667140e+01,-5.473371428571428510e+01
7.829999999999999716e+01,-6.584253968253936051e+00
7.843333333333333712e+01,-1.992152380952381918e+01
7.856666666666666288e+01,9.926349206349200927e-01
7.870000000000000284e+01,-1.363326984126990915e+01
7.883333333333332860e+01,9.592634920634896645e+00
7.896666666666666856e+01,-1.189942857142857591e+01
7.909999999999999432e+01,-1.598285714285716175e+01
7.923333333333333428e+01,-9.479365079365109636e+00
7.936666666666666003e+01,2.564012698412700786e+01
7.950000000000000000e+01,7.918349206349216018e+00
7.963333333333333997e+01,1.778742857142854206e+01
7.976666666666666572e+01,4.102996825396822089e+01
7.990000000000000568e+01,2.879339682539680467e+01
8.003333333333333144e+01,-1.019111111111108237e+01
8.016666666666667140e+01,1.181041269841271024e+01
8.029999999999999716e+01,3.107682539682541645e+01
8.043333333333333712e+01,1.878336507936506194e+01
8.056666666666666288e+01,4.762158730158740028e+00
8.070000000000000284e+01,1.257015873015870699e+00
8.083333333333332860e+01,2.403504761904760301e+01
8.096666666666666856e+01,-1.883415873015876940e+01
8.109999999999999432e+01,-3.335428571428572297e+01
8.123333333333333428e+01,-2.759695238095235226e+01
8.136666666666666003e+01,-4.284469841269840629e+01
8.150000000000000000e+01,-4.363974603174604283e+01
8.163333333333333997e+01,-3.682095238095234890e+01
8.176666666666666572e+01,-8.003822222222218841e+01
8.190000000000000568e+01,-1.030120634920633549e+01
8.203333333333333144e+01,1.275174603174600563e+01
8.216666666666667140e+01,-9.797460317460307877e+00
8.229999999999999716e+01,6.092584126984125703e+01
8.243333333333333712e+01,-3.775644444444446890e+01
8.256666666666666288e+01,-5.101384126984125800e+01
8.270000000000000284e+01,1.144088888888891020e+01
8.283333333333332860e+01,-9.321777777777764840e+00
8.296666666666666856e+01,-4.256723809523812463e+01
8.309999999999999432e+01,-1.848596825396825949e+01
8.323333333333333428e+01,-3.362514285714285478e+01
8.336666666666666003e+01,-2.090920634920623300e+00
8.350000000000000000e+01,9.429460317460303997e+00
8.363333333333333997e+01,1.905561904761905367e+01
8.376666666666666572e+01,2.161389206349206518e+02
8.390000000000000568e+01,9.304215873015873512e+02
8.403333333333333144e+01,8.623588571428573459e+02
8.416666666666667140e+01,-2.772825396825396638e+00
8.429999999999999716e+01,-3.859466666666665446e+01
8.443333333333333712e+01,-1.841028571428574168e+01
8.456666666666666288e+01,5.370146031746032804e+02
8.470000000000000284e+01,7.027649523809525363e+02
8.483333333333332860e+01,7.777481904761905298e+02
8.496666666666666856e+01,7.879690158730159055e+02
8.509999999999999432e+01,5.870266666666666424e+02
8.523333333333333428e+01,6.628278095238094920e+02
8.536666666666666003e+01,6.533453968253967332e+02
8.550000000000000000e+01,7.786600634920635002e+02
8.563333333333333997e+01,6.625431111111112159e+02
8.576666666666666572e+01,6.145413333333333412e+02
8.590000000000000568e+01,5.441805714285713975e+02
8.603333333333333144e+01,6.559546666666667534e+02
8.616666666666667140e+01,6.944591746031746879e+02
8.629999999999999716e+01,6.600632380952381482e+02
8.643333333333333712e+01,6.704782222222222572e+02
8.656666666666666288e+01,5.386697142857142353e+02
8.670000000000000284e+01,6.368711111111110768e+02
8.683333333333332860e+01,6.177419682539682526e+02
8.696666666666666856e+01,6.657777777777778283e+02
8.709999999999999432e+01,6.349436190476189950e+02
8.723333333333333428e+01,7.759732063492062935e+02
8.736666666666666003e+01,8.339399365079365225e+02
8.750000000000000000e+01,6.730101587301588779e+02
8.763333333333333997e+01,6.951650793650794640e+02
8.776666666666666572e+01,6.660298412698414268e+02
8.790000000000000568e+01,7.231852698412698146e+02
8.803333333333333144e+01,6.137412063492064362e+02
8.816666666666667140e+01,7.461547936507937493e+02
8.829999999999999716e+01,7.555540317460317965e+02
8.843333333333333712e+01,7.170473650793651359e+02
8.856666666666666288e+01,6.613048888888888541e+02
8.870000000000000284e+01,6.416835555555555857e+02
8.883333333333332860e+01,7.556048253968252766e+02
8.896666666666666856e+01,6.141033650793651759e+02
8.909999999999999432e+01,6.779180952380952476e+02
8.923333333333333428e+01,6.418214603174603781e+02
8.936666666666666003e+01,6.502873650793651450e+02
8.950000000000000000e+01,7.028433015873015393e+02
8.963333333333333997e+01,6.620980317460318929e+02
8.976666666666666572e+01,6.413732063492063844e+02
8.990000000000000568e+01,6.561034920634920127e+02
9.003333333333333144e+01,7.173711746031746088e+02
9.016666666666667140e+01,7.399886984126984544e+02
9.029999999999999716e+01,7.873244444444444525e+02
9.043333333333333712e+01,7.299947936507936674e+02
9.056666666666666288e+01,5.675549206349206770e+02
9.070000000000000284e+01,6.198139682539683690e+02
9.083333333333332860e+01,5.728509206349206124e+02
9.096666666666666856e+01,6.297667301587301836e+02
9.109999999999999432e+01,6.070336507936508497e+02
9.123333333333333428e+01,6.866480000000000246e+02
9.136666666666666003e+01,6.417361269841269404e+02
9.150000000000000000e+01,7.837153015873016102e+02
9.163333333333333997e+01,7.408789841269842782e+02
9.176666666666666572e+01,6.879845079365079528e+02
9.190000000000000568e+01,7.586567619047619928e+02
9.203333333333333144e+01,8.927963174603173684e+02
9.216666666666667140e+01,7.201956825396825934e+02
9.229999999999999716e+01,7.154881269841271205e+02
9.243333333333333712e+01,7.689076825396825825e+02
9.256666666666666288e+01,6.961271111111111622e+02
9.270000000000000284e+01,5.921287619047619728e+02
9.283333333333332860e+01,6.024615873015873149e+02
9.296666666666666856e+01,6.477761269841270177e+02
9.309999999999999432e+01,6.706173968253967814e+02
9.323333333333333428e+01,6.613206349206350296e+02
9.336666666666666003e+01,6.709062857142857865e+02
9.350000000000000000e+01,6.255873015873016811e+02
9.363333333333333997e+01,7.863056507936508979e+02
9.376666666666666572e+01,7.289343492063492249e+02
9.390000000000000568e+01,6.153560634920635266e+02
9.403333333333333144e+01,5.999972063492064080e+02
9.416666666666667140e+01,6.684802539682540328e+02
9.429999999999999716e+01,6.172349206349207407e+02
9.443333333333333712e+01,6.131320634920634802e+02
9.456666666666666288e+01,7.190439365079365643e+02
9.470000000000000284e+01,7.117387936507936956e+02
9.483333333333332860e+01,6.940528253968253694e+02
9.496666666666666856e+01,5.880623492063491540e+02
9.509999999999999432e+01,6.581272380952381127e+02
9.523333333333333428e+01,7.044260317460317538e+02
9.536666666666666003e+01,6.133455238095239110e+02
9.550000000000000000e+01,6.070777142857142508e+02
9.563333333333333997e+01,5.633530158730159201e+02
9.576666666666666572e+01,5.657414603174603371e+02
9.590000000000000568e+01,5.313395555555556484e+02
9.603333333333333144e+01,6.043241904761905516e+02
9.616666666666667140e+01,5.896212063492063180e+02
9.629999999999999716e+01,7.476124444444445771e+02
9.643333333333333712e+01,7.496984126984127670e+02
9.656666666666666288e+01,7.398972698412700311e+02
9.670000000000000284e+01,7.670693333333333612e+02
9.683333333333332860e+01,6.745596190476189804e+02
9.696666666666666856e+01,6.639933968253968715e+02
9.709999999999999432e+01,7.534168888888890478e+02
9.723333333333333428e+01,6.434425396825397456e+02
9.736666666666666003e+01,1.333079365079364891e+02
9.750000000000000000e+01,7.448634920634892076e+00
9.763333333333333997e+01,-8.164063492063521110e+00
9.776666666666666572e+01,-5.241269841269838992e+01
9.790000000000000568e+01,-3.011555555555548480e+01
9.803333333333333144e+01,6.622222222222049481e-01
9.816666666666667140e+01,4.759593650793649999e+01
9.829999999999999716e+01,2.302107936507936969e+01
9.843333333333333712e+01,3.748317460317457162e+00
9.856666666666666288e+01,5.831479365079363220e+01
9.870000000000000284e+01,9.443682539682551891e+00
9.883333333333332860e+01,5.678882539682540909e+01
9.896666666666666856e+01,3.656330158730159496e+01
9.909999999999999432e+01,7.900330158730156427e+01
9.923333333333333428e+01,2.917993650793653515e+01
9.936666666666666003e+01,9.502679365079364970e+01
9.950000000000000000e+01,6.717917460317458733e+01
9.963333333333333997e+01,8.963288888888888550e+01
9.976666666666666572e+01,1.098455873015873152e+02
9.990000000000000568e+01,7.980736507936514101e+01
1.000333333333333314e+02,7.651288888888892359e+01
1.001666666666666714e+02,1.416736507936504808e+01
1.002999999999999972e+02,-6.711238095238093138e+01
1.004333333333333371e+02,-7.891949206349207202e+01
1.005666666666666629e+02,-2.815542857142859390e+01
1.007000000000000028e+02,2.284166349206349764e+02
1.008333333333333286e+02,6.124493968253968887e+02
1.009666666666666686e+02,7.350587936507936320e+02
1.010999999999999943e+02,6.700985396825398084e+02
1.012333333333333343e+02,4.960952380952381304e+02
1.013666666666666600e+02,4.173539047619048006e+02
1.015000000000000000e+02,2.016946031746031736e+02
1.016333333333333400e+02,-7.462984126984125055e+01
1.017666666666666657e+02,-7.575073015873016402e+01
1.019000000000000057e+02,-4.852063492063720673e-01
1.020333333333333314e+02,4.199034920634922230e+01
1.021666666666666714e+02,-4.846958730158731044e+01
1.022999999999999972e+02,-9.728419047619044591e+01
1.024333333333333371e+02,-5.722069841269842527e+01
1.025666666666666629e+02,-6.278971428571431090e+01
1.027000000000000028e+02,-4.018704761904762535e+01
1.028333333333333286e+02,-1.389892063492059116e+01
1.029666666666666686e+02,-2.297828571428572175e+01
1.030999999999999943e+02,-4.480317460317459677e+01
1.032333333333333343e+02,-8.611174603174641007e+00
1.033666666666666600e+02,1.743453968253968611e+01
1.035000000000000000e+02,4.056101587301586875e+01
1.036333333333333400e+02,-8.899682539682567395e+00
1.037666666666666657e+02,3.907555555555541460e+00
1.039000000000000057e+02,2.408634920634919752e+01
1.040333333333333314e+02,2.719276190476186983e+01
1.041666666666666714e+02,-4.324647619047618718e+01
1.042999999999999972e+02,-1.680000000000000071e+01
1.044333333333333371e+02,-4.217434920634919138e+01
1.045666666666666629e+02,1.423568253968256059e+01
1.047000000000000028e+02,5.170577777777780426e+01
1.048333333333333286e+02,6.697511111111114701e+01
1.049666666666666686e+02,1.256469841269841368e+02
1.050999999999999943e+02,5.012990476190480393e+01
1.052333333333333343e+02,2.360253968253967116e+01
1.053666666666666600e+02,5.701092063492063033e+01
1.055000000000000000e+02,4.038412698412694368e+01
1.056333333333333400e+02,1.629041269841266271e+01
1.057666666666666657e+02,-1.237219047619048418e+01
1.059000000000000057e+02,-4.603555555555556111e+01
1.060333333333333314e+02,-2.780241269841272000e+01
1.061666666666666714e+02,-4.458196825396824181e+01
1.062999999999999972e+02,-4.023365079365080277e+01
1.064333333333333371e+02,2.034958730158725970e+01
1.065666666666666629e+02,2.505452698412698851e+02
1.067000000000000028e+02,6.238982857142857483e+02
1.068333333333333286e+02,6.483061587301588133e+02
1.069666666666666686e+02,4.421258412698413167e+02
1.070999999999999943e+02,-5.671619047619039122e+00
1.072333333333333343e+02,-2.864126984126985676e+01
1.073666666666666600e+02,9.136380952380953602e+00
1.075000000000000000e+02,5.942412698412697836e+01
1.076333333333333400e+02,5.102520634920634279e+02
1.077666666666666657e+02,5.605861587301586724e+02
1.079000000000000057e+02,6.386226031746032277e+02
1.080333333333333314e+02,5.965549206349207907e+02
1.081666666666666714e+02,6.211422222222222445e+02
1.082999999999999972e+02,6.103549206349206315e+02
1.084333333333333371e+02,6.233053968253967696e+02
1.085666666666666629e+02,6.645287619047619501e+02
1.087000000000000028e+02,7.634561269841269677e+02
1.088333333333333286e+02,7.847140317460316510e+02
1.089666666666666686e+02,6.173300317460317501e+02
1.090999999999999943e+02,6.386045714285714894e+02
1.092333333333333343e+02,6.794504126984127197e+02
1.093666666666666600e+02,6.940780952380952158e+02
1.095000000000000000e+02,7.388782222222222344e+02
1.096333333333333400e+02,5.657031111111111841e+02
1.097666666666666657e+02,7.284448253968254221e+02
1.099000000000000057e+02,7.277302857142858556e+02
1.100333333333333314e+02,5.775679999999999836e+02
1.101666666666666714e+02,5.614195555555555757e+02
1.102999999999999972e+02,5.843671111111111713e+02
1.104333333333333371e+02,5.354987936507936865e+02
1.105666666666666629e+02,5.648125714285714594e+02
1.107000000000000028e+02,6.014826666666666597e+02
1.108333333333333286e+02,6.437424761904761681e+02
1.109666666666666686e+02,6.651103492063492695e+02
1.110999999999999943e+02,6.215558095238095575e+02
1.112333333333333343e+02,6.669843809523810023e+02
1.113666666666666600e+02,6.075107301587302118e+02
1.115000000000000000e+02,6.505918730158730341e+02
1.116333333333333400e+02,7.330675555555554865e+02
1.117666666666666657e+02,7.623205079365079655e+02
1.119000000000000057e+02,7.184855873015873158e+02
1.120333333333333314e+02,7.127909841269840854e+02
1.121666666666666714e+02,6.234190476190476602e+02
1.122999999999999972e+02,6.214336507936509406e+02
1.124333333333333371e+02,6.163685079365079673e+02
1.125666666666666629e+02,6.124581587301587433e+02
1.127000000000000028e+02,6.217483174603173666e+02
1.128333333333333286e+02,6.496496507936508351e+02
1.129666666666666686e+02,6.638709841269841263e+02
1.130999999999999943e+02,6.701972063492063398e+02
1.132333333333333343e+02,6.054523174603173175e+02
1.133666666666666600e+02,6.174537142857143408e+02
1.135000000000000000e+02,6.757464126984127688e+02
1.136333333333333400e+02,6.463681269841270023e+02
1.137666666666666657e+02,5.734637460317461546e+02
1.139000000000000057e+02,5.961064126984127824e+02
1.140333333333333314e+02,6.314706031746031840e+02
1.141666666666666714e+02,5.859686349206349405e+02
1.142999999999999972e+02,6.007927619047619601e+02
1.144333333333333371e+02,5.744425396825397456e+02
1.145666666666666629e+02,5.811804444444444471e+02
1.147000000000000028e+02,5.968907936507937393e+02
1.148333333333333286e+02,6.372397460317461082e+02
1.149666666666666686e+02,6.457591111111111104e+02
1.150999999999999943e+02,5.591334603174603899e+02
1.152333333333333343e+02,5.867838730158731551e+02
1.153666666666666600e+02,6.369123809523809996e+02
1.155000000000000000e+02,6.516448253968253539e+02
1.156333333333333400e+02,5.682614603174604326e+02
1.157666666666666657e+02,5.052443174603174612e+02
1.159000000000000057e+02,4.306231111111112000e+02
1.160333333333333314e+02,7.371069206349206979e+02
1.161666666666666714e+02,7.114413968253968505e+02
1.162999999999999972e+02,7.354971428571428760e+02
1.164333333333333371e+02,7.199650793650794185e+02
1.165666666666666629e+02,6.875591111111110649e+02
1.167000000000000028e+02,5.921130158730159110e+02
1.168333333333333286e+02,5.166467301587301790e+02
1.169666666666666686e+02,5.496354285714286334e+02
1.170999999999999943e+02,6.077851428571427732e+02
1.172333333333333343e+02,5.452526984126984644e+02
1.173666666666666600e+02,6.213588571428571186e+02
1.175000000000000000e+02,6.738269206349206115e+02
1.176333333333333400e+02,7.427922539682539309e+02
1.177666666666666657e+02,8.315184761904762354e+02
1.179000000000000057e+02,7.653580952380951885e+02
1.180333333333333314e+02,7.644162539682540682e+02
1.181666666666666714e+02,6.347766349206349332e+02
1.182999999999999972e+02,6.468836825396826953e+02
1.184333333333333371e+02,6.802199365079366089e+02
1.185666666666666629e+02,5.999434920634920445e+02
1.187000000000000028e+02,6.564279365079365789e+02
1.188333333333333286e+02,7.545064126984127597e+02
1.189666666666666686e+02,7.421888253968255640e+02
1.190999999999999943e+02,7.040288253968254821e+02
1.192333333333333343e+02,6.048060952380952813e+02
1.193666666666666600e+02,6.706067301587302154e+02
1.195000000000000000e+02,5.279271111111110031e+02
1.196333333333333400e+02,4.780642539682539791e+02
1.197666666666666657e+02,5.547781587301586796e+02
1.199000000000000057e+02,7.015603809523809105e+02
1.200333333333333314e+02,5.945299047619048451e+02
1.201666666666666714e+02,5.554201904761905553e+02
1.202999999999999972e+02,6.594521904761905944e+02
1.204333333333333371e+02,7.069636825396826225e+02
1.205666666666666629e+02,5.824459682539683172e+02
1.207000000000000028e+02,5.365125079365080865e+02
1.208333333333333286e+02,5.648149841269842000e+02
1.209666666666666686e+02,5.413060317460317492e+02
1.210999999999999943e+02,6.271020952380954441e+02
1.212333333333333343e+02,7.480603174603174921e+02
1.213666666666666600e+02,7.714336507936509406e+02
1.215000000000000000e+02,6.865203809523809468e+02
1.216333333333333400e+02,7.640062222222222772e+02
1.217666666666666657e+02,6.320972698412698492e+02
1.219000000000000057e+02,6.258384761904762854e+02
1.220333333333333314e+02,5.242562539682539864e+02
1.221666666666666714e+02,5.853147936507937175e+02
1.222999999999999972e+02,6.184556190476190523e+02
1.224333333333333371e+02,6.594226031746032959e+02
1.225666666666666629e+02,7.228777142857143190e+02
1.227000000000000028e+02,6.759060317460317719e+02
1.228333333333333286e+02,7.355297777777778947e+02
1.229666666666666686e+02,8.498647619047618491e+02
1.230999999999999943e+02,6.503010793650793175e+02
1.232333333333333343e+02,7.549860317460318129e+02
1.233666666666666600e+02,6.716198095238095220e+02
1.235000000000000000e+02,7.257897142857143535e+02
1.236333333333333400e+02,6.255837460317461591e+02
1.237666666666666657e+02,5.936651428571428823e+02
1.239000000000000057e+02,5.714344126984127570e+02
1.240333333333333314e+02,5.725382857142857347e+02
1.241666666666666714e+02,6.675876825396826462e+02
1.242999999999999972e+02,6.723866666666667697e+02
1.244333333333333371e+02,7.100157460317461755e+02
1.245666666666666629e+02,6.718478730158731196e+02
1.247000000000000028e+02,6.655837460317460454e+02
1.248333333333333286e+02,3.143260952380953199e+02
1.249666666666666686e+02,-2.166882539682540099e+01
1.250999999999999943e+02,-2.218285714285714505e+01
1.252333333333333343e+02,-2.173485714285718728e+01
1.253666666666666600e+02,2.734780952380948804e+01
1.255000000000000000e+02,-1.582463492063491195e+01
1.256333333333333400e+02,2.613587301587335876e+00
1.257666666666666657e+02,-3.207022222222224173e+01
1.259000000000000057e+02,6.886069841269844005e+01
1.260333333333333314e+02,3.491644444444443707e+01
1.261666666666666714e+02,7.312139682539684316e+01
1.262999999999999972e+02,6.359517460317461257e+01
1.264333333333333371e+02,-1.639136507936507670e+01
1.265666666666666629e+02,-5.026666666666665506e+00
1.267000000000000028e+02,3.511250793650795288e+01
1.268333333333333286e+02,2.443530158730158917e+02
1.269666666666666686e+02,6.039838730158729732e+02
1.270999999999999943e+02,7.318069841269840481e+02
1.272333333333333343e+02,6.184688253968254230e+02
1.273666666666666600e+02,5.530398730158730132e+02
1.275000000000000000e+02,6.203343492063493159e+02
1.276333333333333400e+02,6.395972063492063171e+02
1.277666666666666657e+02,6.297295238095238119e+02
1.279000000000000057e+02,5.469700317460317365e+02
1.280333333333333314e+02,1.342549841269841124e+02
1.281666666666666572e+02,-2.219492063492066336e+01
1.283000000000000114e+02,1.397092063492064007e+01
1.284333333333333371e+02,-5.124914285714287132e+01
1.285666666666666629e+02,1.318019047619048223e+01
1.286999999999999886e+02,6.996190476190465191e+00
1.288333333333333428e+02,-7.202666666666690531e+00
1.289666666666666686e+02,-5.476901587301586716e+01
1.290999999999999943e+02,-5.164444444444606930e-01
1.292333333333333201e+02,-4.471034920634924958e+01
1.293666666666666742e+02,7.729523809523246580e-01
1.295000000000000000e+02,4.563809523809528201e+00
1.296333333333333258e+02,1.225307936507933881e+01
1.297666666666666799e+02,-9.764952380952378164e+00
1.299000000000000057e+02,-4.088000000000011624e+00
1.300333333333333314e+02,-5.788622222222220870e+01
1.301666666666666572e+02,-1.526819047619046721e+01
1.303000000000000114e+02,1.122006349206351494e+01
1.304333333333333371e+02,1.686882539682542159e+01
1.305666666666666629e+02,-6.259682539682492219e+00
1.306999999999999886e+02,-1.591657142857143548e+01
1.308333333333333428e+02,-3.659644444444442968e+01
1.309666666666666686e+02,6.397460317460161860e-01
1.310999999999999943e+02,1.264825396825399295e+01
1.312333333333333201e+02,2.140215873015877435e+01
1.313666666666666742e+02,3.377574603174605272e+01
1.315000000000000000e+02,2.395073015873014910e+01
1.316333333333333258e+02,4.373650793650790547e+01
1.317666666666666799e+02,1.368215873015872219e+01
1.319000000000000057e+02,3.805841269841266694e+00
1.320333333333333314e+02,4.412393650793652000e+01
1.321666666666666572e+02,-2.177384126984127377e+01
1.323000000000000114e+02,-3.761574603174599218e+01
1.324333333333333371e+02,-6.440507936507934517e+01
1.325666666666666629e+02,-2.421561904761904316e+01
1.326999999999999886e+02,1.999314285714283201e+01
1.328333333333333428e+02,-2.897879365079366210e+01
1.329666666666666686e+02,-3.385955555555554497e+01
1.330999999999999943e+02,1.880419047619048101e+01
1.332333333333333201e+02,-2.453739682539685774e+01
1.333666666666666742e+02,-4.272736507936505745e+01
1.335000000000000000e+02,-1.305333333333335055e+01
1.336333333333333258e+02,-4.581587301587202177e-01
1.337666666666666799e+02,-3.487974603174605193e+01
1.339000000000000057e+02,-3.203060317460315787e+01
1.340333333333333314e+02,-4.089396825396850232e+00
1.341666666666666572e+02,1.823911111111108951e+01
1.343000000000000114e+02,-1.850285714285713112e+01
1.344333333333333371e+02,-9.213206349206348733e+00
1.345666666666666629e+02,-3.971415873015874354e+01
1.346999999999999886e+02,-1.959073015873018520e+01
1.348333333333333428e+02,-2.654666666666669528e+01
1.349666666666666686e+02,-2.489358730158733124e+01
1.350999999999999943e+02,-3.466476190476191732e+01
1.352333333333333201e+02,3.352546031746030764e+01
1.353666666666666742e+02,4.801154285714285379e+02
1.355000000000000000e+02,9.785818412698412203e+02
1.356333333333333258e+02,9.579824761904760635e+02
1.357666666666666799e+02,7.749696507936508851e+02
1.359000000000000057e+02,7.248255238095239292e+02
1.360333333333333314e+02,7.297045079365079800e+02
1.361666666666666572e+02,6.907453968253968242e+02
1.363000000000000114e+02,7.476276825396824961e+02
1.364333333333333371e+02,8.029203809523810378e+02
1.365666666666666629e+02,6.780415238095238237e+02
1.366999999999999886e+02,6.334586666666667725e+02
1.368333333333333428e+02,6.268876190476191823e+02
1.369666666666666686e+02,5.236088888888889414e+02
1.370999999999999943e+02,6.388435555555555538e+02
1.372333333333333201e+02,7.006380952380952749e+02
1.373666666666666742e+02,7.767699047619047406e+02
1.375000000000000000e+02,7.062314920634921691e+02
1.376333333333333258e+02,7.249884444444444398e+02
1.377666666666666799e+02,7.674880000000000564e+02
1.379000000000000057e+02,6.814059682539682399e+02
1.380333333333333314e+02,6.642556190476191205e+02
1.381666666666666572e+02,6.383246984126984671e+02
1.383000000000000114e+02,6.172815238095238328e+02
1.384333333333333371e+02,6.026420317460317619e+02
1.385666666666666629e+02,5.679405714285713884e+02
1.386999999999999886e+02,5.966140952380952740e+02
1.388333333333333428e+02,6.453094603174603208e+02
1.389666666666666686e+02,6.771309206349206988e+02
1.390999999999999943e+02,7.174027936507936829e+02
1.392333333333333201e+02,6.691070476190476484e+02
1.393666666666666742e+02,7.295017142857143426e+02
1.395000000000000000e+02,8.514217142857143017e+02
1.396333333333333258e+02,6.561953015873016284e+02
1.397666666666666799e+02,6.640379682539683017e+02
1.399000000000000057e+02,7.830017777777777610e+02
1.400333333333333314e+02,5.991446349206349851e+02
1.401666666666666572e+02,2.936469841269840941e+01
1.403000000000000114e+02,-8.985777777777800068e+00
1.404333333333333371e+02,-3.704342857142858492e+01
1.405666666666666629e+02,3.290107936507934028e+01
1.406999999999999886e+02,1.471022222222222986e+01
1.408333333333333428e+02,2.787999999999999545e+01
1.409666666666666686e+02,1.544736507936506698e+01
1.410999999999999943e+02,2.478069841269841689e+01
1.412333333333333201e+02,-1.600139682539681729e+01
1.413666666666666742e+02,-1.702946031746030542e+01
1.415000000000000000e+02,3.769777777777789218e+00
1.416333333333333258e+02,5.137853968253969583e+01
1.417666666666666799e+02,-1.873409523809523591e+01
1.419000000000000057e+02,-2.750831746031747116e+01
1.420333333333333314e+02,1.202260317460318184e+01
1.421666666666666572e+02,4.048088888888887737e+01
1.423000000000000114e+02,3.802069841269837980e+01
1.424333333333333371e+02,4.342222222222220651e+00
1.425666666666666629e+02,-3.912444444444440705e+01
1.426999999999999886e+02,8.113142857142886299e+00
1.428333333333333428e+02,2.598425396825399147e+01
1.429666666666666686e+02,3.039695238095234942e+01
1.430999999999999943e+02,-2.777879365079363794e+01
1.432333333333333201e+02,-5.643047619047663055e+00
1.433666666666666742e+02,-2.063530158730159414e+01
1.435000000000000000e+02,-2.028736507936509881e+01
1.436333333333333258e+02,7.640507936507946241e+00
1.437666666666666799e+02,-3.059479365079366531e+01
1.439000000000000057e+02,-5.152380952380985590e+00
1.440333333333333314e+02,-1.027250793650794236e+01
1.441666666666666572e+02,-3.362857142857144765e+01
1.443000000000000114e+02,1.316546031746031531e+01
1.444333333333333371e+02,-8.206603174603197104e+00
1.445666666666666629e+02,2.514044444444444082e+01
1.446999999999999886e+02,1.976482539682537976e+01
1.448333333333333428e+02,2.161777777777777132e+01
1.449666666666666686e+02,4.278082539682539220e+01
1.450999999999999943e+02,1.371504761904764180e+01
1.452333333333333201e+02,4.791250793650795003e+01
1.453666666666666742e+02,1.583911111111112646e+01
1.455000000000000000e+02,-1.682666666666668931e+01
1.456333333333333258e+02,6.664888888888891749e+00
1.457666666666666799e+02,9.097015873015880771e+00
1.459000000000000057e+02,2.778882539682542685e+01
1.460333333333333314e+02,-4.525968253968246202e+00
1.461666666666666572e+02,6.151492063492058904e+00
1.463000000000000114e+02,-1.062869841269839633e+01
1.464333333333333371e+02,-1.399390476190481358e+01
1.465666666666666629e+02,1.922692063492063852e+01
1.466999999999999886e+02,-9.115936507936499567e+00
1.468333333333333428e+02,3.848063492063491253e+01
1.469666666666666686e+02,4.737803174603173773e+01
1.470999999999999943e+02,5.200802539682540555e+02
1.472333333333333201e+02,5.851688888888888869e+02
1.473666666666666742e+02,6.162733968253968442e+02
1.475000000000000000e+02,6.851520000000000437e+02
1.476333333333333258e+02,6.344676825396825279e+02
1.477666666666666799e+02,7.294326349206349960e+02
1.479000000000000057e+02,6.670170158730159073e+02
1.480333333333333314e+02,6.380397460317460627e+02
1.481666666666666572e+02,7.172383492063491985e+02
1.483000000000000114e+02,7.332431746031744524e+02
1.484333333333333371e+02,7.155123809523810223e+02
1.485666666666666629e+02,6.888126984126985235e+02
1.486999999999999886e+02,7.598504126984126970e+02
1.488333333333333428e+02,8.085498412698414086e+02
1.489666666666666686e+02,7.494991746031746516e+02
1.490999999999999943e+02,7.767052698412699101e+02
1.492333333333333201e+02,8.960492698412699610e+02
1.493666666666666742e+02,8.160440634920635148e+02
1.495000000000000000e+02,8.468721269841271351e+02
1.496333333333333258e+02,7.561036190476190768e+02
1.497666666666666799e+02,7.428246349206350487e+02
1.499000000000000057e+02,6.912374603174604317e+02
1.500333333333333314e+02,6.616187936507936911e+02
1.501666666666666572e+02,6.142841904761905880e+02
1.503000000000000114e+02,7.212868571428571158e+02
1.504333333333333371e+02,7.607426031746031185e+02
1.505666666666666629e+02,7.525966984126984016e+02
1.506999999999999886e+02,8.921930158730158382e+02
1.508333333333333428e+02,8.362624761904762636e+02
1.509666666666666686e+02,7.588402539682539327e+02
1.510999999999999943e+02,7.289243174603175248e+02
1.512333333333333201e+02,7.201813333333333276e+02
1.513666666666666742e+02,6.715367619047618746e+02
1.515000000000000000e+02,6.900045714285714666e+02
1.516333333333333258e+02,6.759805714285714657e+02
1.517666666666666799e+02,6.233917460317461519e+02
1.519000000000000057e+02,6.495183492063492849e+02
1.520333333333333314e+02,6.755144126984127979e+02
1.521666666666666572e+02,6.223447619047619810e+02
1.523000000000000114e+02,6.679773968253967951e+02
1.524333333333333371e+02,6.342661587301587360e+02
1.525666666666666629e+02,6.946909206349206443e+02
1.526999999999999886e+02,6.543135238095238719e+02
1.528333333333333428e+02,6.641763809523811233e+02
1.529666666666666686e+02,6.343050158730159183e+02
1.530999999999999943e+02,5.951182222222222435e+02
1.532333333333333201e+02,6.534238730158730277e+02
1.533666666666666742e+02,7.134906666666666979e+02
1.535000000000000000e+02,6.436703492063492149e+02
1.536333333333333258e+02,7.880323809523811178e+02
1.537666666666666799e+02,7.537699047619048542e+02
1.539000000000000057e+02,7.180523174603174539e+02
1.540333333333333314e+02,7.151578412698413558e+02
1.541666666666666572e+02,6.275869206349207161e+02
1.543000000000000114e+02,5.595502222222222599e+02
1.544333333333333371e+02,6.357088253968254321e+02
1.545666666666666629e+02,7.058087619047619228e+02
1.546999999999999886e+02,3.419166984126983948e+02
1.548333333333333428e+02,7.553396825396839986e+00
1.549666666666666686e+02,-4.261460317460294078e+00
1.550999999999999943e+02,3.847390476190478381e+01
1.552333333333333201e+02,3.232673015873020006e+01
1.553666666666666742e+02,-5.105523809523815792e+00
1.555000000000000000e+02,-3.223466666666664082e+01
1.556333333333333258e+02,-6.976482539682538686e+01
1.557666666666666799e+02,-5.886971428571432341e+01
1.559000000000000057e+02,-3.598044444444446555e+01
1.560333333333333314e+02,-1.814349206349206867e+01
1.561666666666666572e+02,-6.338920634920690134e+00
1.563000000000000114e+02,-4.693079365079366028e+01
1.564333333333333371e+02,-2.841752380952382495e+01
1.565666666666666629e+02,-6.260444444444441814e+00
1.566999999999999886e+02,-3.527669841269844397e+01
1.568333333333333428e+02,1.211923809523805673e+01
1.569666666666666686e+02,8.240507936507926345e+00
1.570999999999999943e+02,-2.177371428571430201e+01
1.572333333333333201e+02,3.037333333333331353e+01
1.573666666666666742e+02,-1.778247619047620276e+01
1.575000000000000000e+02,-2.249460317460314229e+01
1.576333333333333258e+02,3.172063492063443846e-01
1.577666666666666799e+02,-2.665828571428571792e+01
1.579000000000000057e+02,-3.949434920634922008e+01
1.580333333333333314e+02,1.102933333333332655e+01
1.581666666666666572e+02,1.142755555555556768e+01
1.583000000000000114e+02,1.092673015873014997e+01
1.584333333333333371e+02,3.518679365079365340e+01
1.585666666666666629e+02,1.147263492063495782e+01
1.586999999999999886e+02,1.453295238095240549e+01
1.588333333333333428e+02,2.027009523809524438e+01
1.589666666666666686e+02,3.515809523809527803e+01
1.590999999999999943e+02,6.140990476190472691e+01
1.592333333333333201e+02,8.649130158730156381e+01
1.593666666666666742e+02,3.415657142857146766e+01
1.595000000000000000e+02,-5.237206349206348754e+00
1.596333333333333258e+02,1.192800000000002214e+01
1.597666666666666799e+02,-5.388571428571417243e+00
1.599000000000000057e+02,-4.355174603174553738e+00
1.600333333333333314e+02,-1.319644444444440801e+01
1.601666666666666572e+02,1.522311111111112147e+01
1.603000000000000114e+02,7.417142857142881240e+00
1.604333333333333371e+02,5.536825396825395984e+01
1.605666666666666629e+02,-2.998704761904762250e+01
1.606999999999999886e+02,4.154158730158730464e+02
1.608333333333333428e+02,7.061969523809524389e+02
1.609666666666666686e+02,6.704342857142858065e+02
1.610999999999999943e+02,6.770961269841269541e+02
1.612333333333333201e+02,5.791130158730159110e+02
1.613666666666666742e+02,6.138535873015873676e+02
1.615000000000000000e+02,6.868971428571429669e+02
1.616333333333333258e+02,6.667986031746032722e+02
1.617666666666666799e+02,6.195972063492064308e+02
1.619000000000000057e+02,7.449735873015873722e+02
1.620333333333333314e+02,7.267258412698413395e+02
1.621666666666666572e+02,7.398882539682540482e+02
1.623000000000000114e+02,7.990111746031745952e+02
1.624333333333333371e+02,6.866951111111111459e+02
1.625666666666666629e+02,7.513381587301588524e+02
1.626999999999999886e+02,7.197175873015874004e+02
1.628333333333333428e+02,6.942700952380953368e+02
1.629666666666666686e+02,7.582036825396826316e+02
1.630999999999999943e+02,8.293966984126984698e+02
1.632333333333333201e+02,7.325705396825396747e+02
1.633666666666666742e+02,7.673207619047618664e+02
1.635000000000000000e+02,9.099339682539683736e+02
1.636333333333333258e+02,8.485000634920634184e+02
1.637666666666666799e+02,8.029366349206350151e+02
1.639000000000000057e+02,5.167810793650795631e+02
1.640333333333333314e+02,-2.257193650793654172e+01
1.641666666666666572e+02,3.057219047619044261e+01
1.643000000000000114e+02,-2.263073015873017724e+01
1.644333333333333371e+02,-2.822717460317460691e+01
1.645666666666666629e+02,-2.990666666666666629e+01
1.646999999999999886e+02,-7.405942857142856894e+01
1.648333333333333428e+02,-3.081231746031747321e+01
1.649666666666666686e+02,-2.831606349206352036e+01
1.650999999999999943e+02,5.513015873015889134e+00
1.652333333333333201e+02,9.369904761904763291e+00
1.653666666666666742e+02,-8.873269841269802782e+00
1.655000000000000000e+02,2.205206349206401129e+00
1.656333333333333258e+02,-1.951530158730156472e+01
1.657666666666666799e+02,4.648507936507941807e+00
1.659000000000000057e+02,-1.494171428571428173e+01
1.660333333333333314e+02,-3.516393650793650494e+01
1.661666666666666572e+02,-3.669180952380950345e+01
1.663000000000000114e+02,3.073282539682541525e+01
1.664333333333333371e+02,5.696355555555555128e+01
1.665666666666666629e+02,-1.241244444444444284e+01
1.666999999999999886e+02,3.290488888888892660e+01
1.668333333333333428e+02,8.419339682539677483e+01
1.669666666666666686e+02,2.647301587301585712e+01
1.670999999999999943e+02,6.881053968253971220e+01
1.672333333333333201e+02,5.586641269841268809e+01
1.673666666666666742e+02,-2.712888888888889838e+01
1.675000000000000000e+02,-2.413066666666664162e+01
1.676333333333333258e+02,3.107034920634924191e+01
1.677666666666666799e+02,-4.604673015873015629e+01
1.679000000000000057e+02,-7.027352380952380884e+01
1.680333333333333314e+02,-6.550615873015871671e+01
1.681666666666666572e+02,-3.675174603174605181e+01
1.683000000000000114e+02,-1.315301587301587638e+00
1.684333333333333371e+02,2.549307936507937455e+01
1.685666666666666629e+02,-1.291758730158726465e+01
1.686999999999999886e+02,-2.415974603174600333e+01
1.688333333333333428e+02,-1.529968253968252156e+01
1.689666666666666686e+02,7.307301587301619605e+00
1.690999999999999943e+02,3.377168253968252287e+01
1.692333333333333201e+02,-1.346298412698413394e+01
1.693666666666666742e+02,-1.829320634920634703e+01
1.695000000000000000e+02,-3.539593650793654689e+01
1.696333333333333258e+02,-1.499073015873018377e+01
1.697666666666666799e+02,-7.453841269841269046e+00
1.699000000000000057e+02,1.470222222222240749e+00
1.700333333333333314e+02,4.953650793650687945e-01
1.701666666666666572e+02,2.393904761904764644e+00
1.703000000000000114e+02,6.613460317460294391e+00
1.704333333333333371e+02,2.902857142857125261e+00
1.705666666666666629e+02,-2.264546031746033350e+01
1.706999999999999886e+02,-1.599098412698410954e+01
1.708333333333333428e+02,-1.388063492063495197e+01
1.709666666666666686e+02,1.343669841269839083e+01
1.710999999999999943e+02,-4.466336507936505029e+01
1.712333333333333201e+02,2.161358730158731589e+01
1.713666666666666742e+02,1.943238095238053020e+00
1.715000000000000000e+02,-4.104926984126987577e+01
1.716333333333333258e+02,-6.013092063492063488e+01
1.717666666666666799e+02,-3.421295238095238034e+01
1.719000000000000057e+02,-3.596190476190482266e-01
1.720333333333333314e+02,-2.880926984126983825e+01
1.721666666666666572e+02,-1.241803174603177951e+01
1.723000000000000114e+02,-2.405053968253966801e+01
1.724333333333333371e+02,-5.120114285714287661e+01
1.725666666666666629e+02,7.155936507936509372e+00
1.726999999999999886e+02,7.728253968253968154e+00
1.728333333333333428e+02,5.248228571428572309e+01
1.729666666666666686e+02,2.222577777777778607e+01
1.730999999999999943e+02,-2.212888888888885575e+01
1.732333333333333201e+02,2.168660317460319220e+01
1.733666666666666742e+02,-2.533257142857146604e+01
1.735000000000000000e+02,1.140215873015875125e+01
1.736333333333333258e+02,4.997257142857142753e+01
1.737666666666666799e+02,2.627720634920631682e+01
1.739000000000000057e+02,1.350158730158730336e+01
1.740333333333333314e+02,2.383377777777780082e+01
1.741666666666666572e+02,-2.764723809523807319e+01
1.743000000000000114e+02,-6.776101587301587870e+01
1.744333333333333371e+02,-4.247911111111109506e+01
1.745666666666666629e+02,-2.052698412698412156e+01
1.746999999999999886e+02,3.868124444444443952e+02
1.748333333333333428e+02,4.059141587301587606e+02
1.749666666666666686e+02,1.984965079365077045e+01
1.750999999999999943e+02,9.894222222222218477e+00
1.752333333333333201e+02,2.201955555555553445e+01
1.753666666666666742e+02,-1.608253968253983146e+00
1.755000000000000000e+02,3.519822222222222052e+01
1.756333333333333258e+02,4.340901587301584641e+01
1.757666666666666799e+02,1.322031746031733235e+00
1.759000000000000057e+02,-1.465777777777775626e+01
1.760333333333333314e+02,2.935707936507933269e+01
1.761666666666666572e+02,5.988993015873015793e+02
1.763000000000000114e+02,7.386744126984127661e+02
1.764333333333333371e+02,8.005578412698413331e+02
1.765666666666666629e+02,6.728676825396826189e+02
1.766999999999999886e+02,7.284563809523809823e+02
1.768333333333333428e+02,8.262360634920635221e+02
1.769666666666666686e+02,7.887222857142858174e+02
1.770999999999999943e+02,7.411947936507937129e+02
1.772333333333333201e+02,7.229853968253967196e+02
1.773666666666666742e+02,5.821470476190477257e+02
1.775000000000000000e+02,6.187798095238096039e+02
1.776333333333333258e+02,6.371241904761903925e+02
1.777666666666666799e+02,6.500209523809523944e+02
1.779000000000000057e+02,2.980796190476190191e+02
1.780333333333333314e+02,2.124673015873015913e+01
1.781666666666666572e+02,6.899301587301603256e+00
1.783000000000000114e+02,2.366755555555555901e+01
1.784333333333333371e+02,-4.806857142857190013e+00
1.785666666666666629e+02,6.231619047619029850e+00
1.786999999999999886e+02,-5.660126984126982563e+01
1.788333333333333428e+02,-5.646692063492065472e+01
1.789666666666666686e+02,-6.128711111111113752e+01
1.790999999999999943e+02,-3.875301587301585471e+01
1.792333333333333201e+02,-2.186831746031744217e+01
1.793666666666666742e+02,5.155123809523807665e+01
1.795000000000000000e+02,-5.976761904761904276e+00
1.796333333333333258e+02,-2.256952380952382242e+01
1.797666666666666799e+02,-2.002679365079366391e+01
1.799000000000000057e+02,3.268063492063491893e+00
1.800333333333333314e+02,-2.636088888888891546e+01
1.801666666666666572e+02,3.013942857142858855e+01
1.803000000000000114e+02,7.105904761904756128e+01
1.804333333333333371e+02,1.136523174603174482e+02
1.805666666666666629e+02,1.574633650793650759e+02
1.806999999999999886e+02,1.028671746031745897e+02
1.808333333333333428e+02,2.438977777777777760e+02
1.809666666666666686e+02,9.341160634920634038e+02
1.810999999999999943e+02,8.212083809523810487e+02
1.812333333333333201e+02,4.799194920634922141e+02
1.813666666666666742e+02,4.293409523809526718e+01
1.815000000000000000e+02,7.467200000000003968e+01
1.816333333333333258e+02,6.364825396825380288e+00
1.817666666666666799e+02,-1.853815873015876292e+01
1.819000000000000057e+02,3.751174603174604272e+01
1.820333333333333314e+02,9.149853968253970038e+01
1.821666666666666572e+02,8.883809523809755859e-01
1.823000000000000114e+02,2.907466666666664423e+01
1.824333333333333371e+02,2.028469841269841112e+01
1.825666666666666629e+02,9.436038095238096446e+01
1.826999999999999886e+02,3.648888888888886584e+01
1.828333333333333428e+02,7.345168253968252259e+01
1.829666666666666686e+02,9.882920634920633773e+00
1.830999999999999943e+02,1.894082539682540300e+01
1.832333333333333201e+02,5.601053968253966531e+01
1.833666666666666742e+02,1.244888888888888943e+02
1.835000000000000000e+02,1.234523174603175022e+02
1.836333333333333258e+02,7.513358730158726928e+01
1.837666666666666799e+02,2.496698412698412994e+01
1.839000000000000057e+02,-6.693333333333317370e+00
1.840333333333333314e+02,-5.511111111110942318e-01
1.841666666666666572e+02,3.370958730158731953e+01
1.843000000000000114e+02,6.968292063492066291e+01
1.844333333333333371e+02,1.519132698412699085e+02
1.845666666666666629e+02,2.708623492063492222e+02
1.846999999999999886e+02,1.618845714285714337e+02
1.848333333333333428e+02,-3.774298412698412619e+01
1.849666666666666686e+02,-5.929701587301592980e+01
1.850999999999999943e+02,-5.740812698412699433e+01
1.852333333333333201e+02,-3.774234920634921764e+01
1.853666666666666742e+02,-1.900774603174602362e+01
1.855000000000000000e+02,9.017498412698415677e+01
1.856333333333333258e+02,3.076380952380952181e+02
1.857666666666666799e+02,1.638778412698412694e+02
1.859000000000000057e+02,6.073155555555556617e+01
1.860333333333333314e+02,3.335657142857144208e+01
1.861666666666666572e+02,1.418339047619047619e+02
1.863000000000000114e+02,2.486106666666667024e+02
1.864333333333333371e+02,2.145067936507936395e+02
1.865666666666666629e+02,1.704074920634920716e+02
1.866999999999999886e+02,3.283340952380953013e+02
1.868333333333333428e+02,6.745368888888889387e+02
1.869666666666666686e+02,7.266307301587301026e+02
1.870999999999999943e+02,7.899469206349207298e+02
1.872333333333333201e+02,6.413831111111111341e+02
1.873666666666666742e+02,7.079699047619047860e+02
1.875000000000000000e+02,6.647003174603175921e+02
1.876333333333333258e+02,6.915936507936507951e+02
1.877666666666666799e+02,7.578369523809524253e+02
1.879000000000000057e+02,6.298034285714285261e+02
1.880333333333333314e+02,6.442628571428572286e+02
1.881666666666666572e+02,6.515097142857143808e+02
1.883000000000000114e+02,6.781461587301587315e+02
1.884333333333333371e+02,6.412088888888889642e+02
1.885666666666666629e+02,6.721154285714286516e+02
1.886999999999999886e+02,6.376561269841268995e+02
1.888333333333333428e+02,6.320120634920635894e+02
1.889666666666666686e+02,5.966801269841270141e+02
1.890999999999999943e+02,5.571147936507936720e+02
1.892333333333333201e+02,6.372480000000000473e+02
1.893666666666666742e+02,5.988093968253969024e+02
1.895000000000000000e+02,4.350480000000001155e+02
1.896333333333333258e+02,3.476152380952380838e+01
1.897666666666666799e+02,2.518895238095232969e+01
1.899000000000000057e+02,1.342184126984127523e+01
1.900333333333333314e+02,-2.896088888888889556e+01
1.901666666666666572e+02,1.304266666666665131e+01
1.903000000000000114e+02,-1.141587301587303749e+01
1.904333333333333371e+02,2.049142857142860663e+01
1.905666666666666629e+02,1.312000000000013600e+00
1.906999999999999886e+02,8.585904761904746607e+00
1.908333333333333428e+02,-7.854653968253973062e+01
1.909666666666666686e+02,-4.378603174603174608e+01
1.910999999999999943e+02,-5.259161904761904793e+01
1.912333333333333201e+02,-9.603352380952381395e+01
1.913666666666666742e+02,-7.492698412698415211e+01
1.915000000000000000e+02,-1.087014603174603309e+02
1.916333333333333258e+02,-8.417638095238093854e+01
1.917666666666666799e+02,-4.439695238095239915e+01
1.919000000000000057e+02,-9.122285714285677471e+00
1.920333333333333314e+02,9.830984126984096960e+00
1.921666666666666572e+02,-6.214501587301587904e+01
1.923000000000000114e+02,-6.116901587301593679e+01
1.924333333333333371e+02,-5.710895238095243087e+01
1.925666666666666629e+02,-3.095441269841271748e+01
1.926999999999999886e+02,-1.539212698412698543e+01
1.928333333333333428e+02,-2.490615873015875081e+01
1.929666666666666686e+02,-3.072533333333331029e+01
1.930999999999999943e+02,-4.046095238095245961e+00
1.932333333333333201e+02,-1.419860317460320687e+01
1.933666666666666742e+02,-6.149193650793650079e+01
1.935000000000000000e+02,-7.864380952380955137e+01
1.936333333333333258e+02,-5.683822222222220688e+01
1.937666666666666799e+02,1.816888888888932296e+00
1.939000000000000057e+02,-1.212660317460315795e+01
1.940333333333333314e+02,3.974349206349234720e+00
1.941666666666666572e+02,-1.034133333333336324e+01
1.943000000000000114e+02,-1.510895238095235982e+01
1.944333333333333371e+02,2.281053968253968733e+01
1.945666666666666629e+02,-5.208126984126986514e+01
1.946999999999999886e+02,-7.548444444444444912e+01
1.948333333333333428e+02,-3.104596825396824755e+01
1.949666666666666686e+02,-3.627644444444447913e+01
1.950999999999999943e+02,-2.025701587301587381e+01
1.952333333333333201e+02,8.391746031746018630e+00
1.953666666666666742e+02,9.776025396825400549e+01
1.955000000000000000e+02,6.079998730158731632e+02
1.956333333333333258e+02,6.807258412698413395e+02
1.957666666666666799e+02,5.862629841269840654e+02
1.959000000000000057e+02,6.532885079365080401e+02
1.960333333333333314e+02,6.362406349206351024e+02
1.961666666666666572e+02,6.866128253968255422e+02
1.963000000000000114e+02,7.461735873015874176e+02
1.964333333333333371e+02,6.787747301587302218e+02
1.965666666666666629e+02,6.889729523809523926e+02
1.966999999999999886e+02,6.513033650793651077e+02
1.968333333333333428e+02,6.449847619047618537e+02
1.969666666666666686e+02,6.279822222222222763e+02
1.970999999999999943e+02,6.916678095238096375e+02
1.972333333333333201e+02,6.797909841269841991e+02
1.973666666666666742e+02,7.042092698412698155e+02
1.975000000000000000e+02,1.163537650793650755e+03
1.976333333333333258e+02,1.481391365079365187e+03
1.977666666666666799e+02,5.345065396825397102e+02
1.979000000000000057e+02,2.908457142857146849e+01
1.980333333333333314e+02,7.517968253968258807e+01
1.981666666666666572e+02,-2.142565079365081715e+01
1.983000000000000114e+02,-2.065942857142857036e+01
1.984333333333333371e+02,-3.865473015873015328e+01
1.985666666666666629e+02,7.575847619047617343e+01
1.986999999999999886e+02,-4.584736507936504779e+01
1.988333333333333428e+02,-6.182806349206349239e+01
1.989666666666666686e+02,5.396549841269841181e+02
1.990999999999999943e+02,8.256716190476191741e+02
1.992333333333333201e+02,7.415780317460317974e+02
1.993666666666666742e+02,7.066383492063491758e+02
1.995000000000000000e+02,7.081735873015873040e+02
1.996333333333333258e+02,7.264614603174603644e+02
1.997666666666666799e+02,7.247936507936507269e+02
1.999000000000000057e+02,6.951287619047618591e+02
2.000333333333333314e+02,7.475309206349206761e+02
2.001666666666666572e+02,6.825550476190476274e+02
2.003000000000000114e+02,6.529862857142857138e+02
2.004333333333333371e+02,7.310876190476190004e+02
2.005666666666666629e+02,7.116763174603174775e+02
2.006999999999999886e+02,6.552491428571428287e+02
2.008333333333333428e+02,7.560982857142857938e+02
2.009666666666666686e+02,8.004384761904761945e+02
2.010999999999999943e+02,6.964289523809525235e+02
2.012333333333333201e+02,6.145955555555557339e+02
2.013666666666666742e+02,6.044022857142857674e+02
2.015000000000000000e+02,6.089488253968254412e+02
2.016333333333333258e+02,6.005760000000001355e+02
2.017666666666666799e+02,6.010582857142856028e+02
2.019000000000000057e+02,6.260603174603174921e+02
2.020333333333333314e+02,6.212733968253968442e+02
2.021666666666666572e+02,6.683880634920634520e+02
2.023000000000000114e+02,6.557309206349207216e+02
2.024333333333333371e+02,6.287480634920635794e+02
2.025666666666666629e+02,6.696700952380952003e+02
2.026999999999999886e+02,6.631117460317459518e+02
2.028333333333333428e+02,6.852636190476191587e+02
2.029666666666666686e+02,6.136361904761904498e+02
2.030999999999999943e+02,6.150938412698412776e+02
2.032333333333333201e+02,6.490311111111111586e+02
2.033666666666666742e+02,6.163653333333334103e+02
2.035000000000000000e+02,6.582158730158730577e+02
2.036333333333333258e+02,9.070092698412697700e+02
2.037666666666666799e+02,7.004095238095238756e+02
2.039000000000000057e+02,6.773315555555554965e+02
2.040333333333333314e+02,7.213582222222222526e+02
2.041666666666666572e+02,6.897050158730158955e+02
2.043000000000000114e+02,6.415523809523809859e+02
2.044333333333333371e+02,6.310585396825397311e+02
2.045666666666666629e+02,6.573305396825397793e+02
2.046999999999999886e+02,6.238980317460318474e+02
2.048333333333333428e+02,6.951315555555554511e+02
2.049666666666666686e+02,6.508079999999999927e+02
2.050999999999999943e+02,6.913664761904761917e+02
2.052333333333333201e+02,4.119902222222223145e+02
2.053666666666666742e+02,3.762704761904762307e+01
2.055000000000000000e+02,1.629968253968254288e+01
2.056333333333333258e+02,1.350501587301589446e+01
2.057666666666666799e+02,1.886730158730187235e+00
2.059000000000000057e+02,-3.537015873015867840e+00
2.060333333333333314e+02,1.231801904761904609e+02
2.061666666666666572e+02,6.676766984126984426e+02
2.063000000000000114e+02,6.345784126984127624e+02
2.064333333333333371e+02,6.842354285714286561e+02
2.065666666666666629e+02,6.106078730158731105e+02
2.066999999999999886e+02,6.005452698412699419e+02
2.068333333333333428e+02,6.224114285714285870e+02
2.069666666666666686e+02,6.593791746031745333e+02
2.070999999999999943e+02,6.313679999999999382e+02
2.072333333333333201e+02,5.255277460317460054e+02
2.073666666666666742e+02,6.499046349206348623e+02
2.075000000000000000e+02,6.930986666666667588e+02
2.076333333333333258e+02,6.882926984126984280e+02
2.077666666666666799e+02,5.247278730158730013e+02
2.079000000000000057e+02,5.797028571428575106e+01
2.080333333333333314e+02,3.014552380952384780e+01
2.081666666666666572e+02,7.733206349206351859e+00
2.083000000000000114e+02,2.736126984126983785e+01
2.084333333333333371e+02,5.734349206349226513e+00
2.085666666666666629e+02,2.953752380952385437e+01
2.086999999999999886e+02,2.206831746031746277e+01
2.088333333333333428e+02,3.925358730158730225e+01
2.089666666666666686e+02,2.926374603174604516e+01
2.090999999999999943e+02,-1.426996825396825130e+01
2.092333333333333201e+02,-7.814984126984109380e+00
2.093666666666666742e+02,-1.789231746031746084e+01
2.095000000000000000e+02,3.313739682539683429e+01
2.096333333333333258e+02,2.601396825396839141e+00
2.097666666666666799e+02,3.564825396825381354e+00
2.099000000000000057e+02,2.031022222222220464e+01
2.100333333333333314e+02,2.573726984126983552e+01
2.101666666666666572e+02,5.724160000000001673e+02
2.103000000000000114e+02,6.918926984126984507e+02
2.104333333333333371e+02,7.052302222222222099e+02
2.105666666666666629e+02,6.541787936507936365e+02
2.106999999999999886e+02,6.931610158730159128e+02
2.108333333333333428e+02,6.246971428571428078e+02
2.109666666666666686e+02,6.655652063492063917e+02
2.110999999999999943e+02,6.000030476190476065e+02
2.112333333333333201e+02,6.692547301587302400e+02
2.113666666666666742e+02,7.753832380952380845e+02
2.115000000000000000e+02,8.277277460317460509e+02
2.116333333333333258e+02,7.484170158730159983e+02
2.117666666666666799e+02,7.259944126984127024e+02
2.119000000000000057e+02,7.408148571428571358e+02
2.120333333333333314e+02,7.382281904761906617e+02
2.121666666666666572e+02,7.101297777777779174e+02
2.123000000000000114e+02,7.406826666666668189e+02
2.124333333333333371e+02,7.169713015873016957e+02
2.125666666666666629e+02,7.086878730158732651e+02
2.126999999999999886e+02,7.975202539682539964e+02
2.128333333333333428e+02,7.562862222222221362e+02
2.129666666666666686e+02,7.620684444444445944e+02
2.130999999999999943e+02,7.205017142857142289e+02
2.132333333333333201e+02,7.396265396825397147e+02
2.133666666666666742e+02,7.330595555555556757e+02
2.135000000000000000e+02,7.458391111111111513e+02
2.136333333333333258e+02,7.744902857142857329e+02
2.137666666666666799e+02,7.686933333333333849e+02
2.139000000000000057e+02,8.303173333333334085e+02
2.140333333333333314e+02,7.281457777777777665e+02
2.141666666666666572e+02,6.902515555555555693e+02
2.143000000000000114e+02,6.023150476190477320e+02
2.144333333333333371e+02,6.070595555555555620e+02
2.145666666666666629e+02,6.636419047619048115e+02
2.146999999999999886e+02,6.018336507936509179e+02
2.148333333333333428e+02,7.199164444444445508e+02
2.149666666666666686e+02,7.032608253968254530e+02
2.150999999999999943e+02,6.310129523809524699e+02
2.152333333333333201e+02,6.602170158730159528e+02
2.153666666666666742e+02,6.983592380952380836e+02
2.155000000000000000e+02,6.518676825396825052e+02
2.156333333333333258e+02,6.150678095238096148e+02
2.157666666666666799e+02,6.539390476190476420e+02
2.159000000000000057e+02,7.132723809523808995e+02
2.160333333333333314e+02,7.512719999999999345e+02
2.161666666666666572e+02,5.445580952380953477e+02
2.163000000000000114e+02,5.238746666666667124e+02
2.164333333333333371e+02,-1.934819047619053478e+01
2.165666666666666629e+02,-3.048939682539683460e+01
2.166999999999999886e+02,-4.456774603174601168e+01
2.168333333333333428e+02,-1.232380952380959016e+00
2.169666666666666686e+02,9.295111111111124202e+00
2.170999999999999943e+02,-3.287911111111110074e+01
2.172333333333333201e+02,-2.402336507936504262e+01
2.173666666666666742e+02,-6.405333333333329549e+00
2.175000000000000000e+02,2.445117460317460356e+01
2.176333333333333258e+02,3.684685714285715363e+01
2.177666666666666799e+02,9.034539682539683980e+00
2.179000000000000057e+02,-1.872228571428570376e+01
2.180333333333333314e+02,-2.251898412698415086e+01
2.181666666666666572e+02,7.917333333333298029e+00
2.183000000000000114e+02,-3.882260317460318788e+01
2.184333333333333371e+02,-5.486869841269844983e+01
2.185666666666666629e+02,-1.591746031746031420e+01
2.186999999999999886e+02,-4.130552380952383373e+01
2.188333333333333428e+02,-6.337841269841269565e+01
2.189666666666666686e+02,-3.607377777777778505e+01
2.190999999999999943e+02,-2.184457142857143097e+01
2.192333333333333201e+02,-3.828444444444442496e+01
2.193666666666666742e+02,-9.528888888888875641e+00
2.195000000000000000e+02,-2.803809523809537296e+00
2.196333333333333258e+02,3.954666666666662778e+00
2.197666666666666799e+02,-1.839365079365074429e+00
2.199000000000000057e+02,4.180444444444492369e+00
2.200333333333333314e+02,-3.943123809523808632e+01
2.201666666666666572e+02,-1.228088888888883190e+01
2.203000000000000114e+02,5.988749206349207554e+01
2.204333333333333371e+02,1.665346031746030420e+01
2.205666666666666629e+02,-7.849777777777786625e+00
2.206999999999999886e+02,-2.734463492063487422e+01
2.208333333333333428e+02,-4.833777777777755524e+00
2.209666666666666686e+02,4.037930158730156904e+01
2.210999999999999943e+02,1.037092063492063865e+01
2.212333333333333201e+02,-1.028571428571467550e-02
2.213666666666666742e+02,4.850031746031748270e+01
2.215000000000000000e+02,4.844063492063492760e+01
2.216333333333333258e+02,1.503238095238067729e+00
2.217666666666666799e+02,1.420787301587300000e+01
2.219000000000000057e+02,7.109498412698417269e+01
2.220333333333333314e+02,5.165231746031749083e+01
2.221666666666666572e+02,7.248203174603175114e+01
2.223000000000000114e+02,3.023873015873025594e+00
2.224333333333333371e+02,7.029206349206379656e+00
2.225666666666666629e+02,-4.827657142857142247e+01
2.226999999999999886e+02,-2.998806349206349608e+01
2.228333333333333428e+02,1.124368253968255082e+01
2.229666666666666686e+02,-9.716825396825448991e+00
2.230999999999999943e+02,-3.308800000000003649e+01
2.232333333333333201e+02,-2.125549206349207765e+01
2.233666666666666742e+02,1.632854603174603483e+02
2.235000000000000000e+02,6.940924444444443679e+02
2.236333333333333258e+02,6.257478095238095648e+02
2.237666666666666799e+02,5.517911111111111495e+02
2.239000000000000057e+02,6.153928888888889333e+02
2.240333333333333314e+02,5.919709206349207307e+02
2.241666666666666572e+02,6.954195555555556894e+02
2.243000000000000114e+02,6.282132063492064162e+02
2.244333333333333371e+02,7.122656507936508206e+02
2.245666666666666629e+02,6.036807619047619937e+02
2.246999999999999886e+02,7.361569523809523616e+02
2.248333333333333428e+02,7.518586666666667497e+02
2.249666666666666686e+02,6.893751111111109822e+02
2.250999999999999943e+02,7.450331428571429342e+02
2.252333333333333201e+02,6.633249523809523680e+02
2.253666666666666742e+02,6.618690793650794149e+02
2.255000000000000000e+02,8.708939682539678984e+01
2.256333333333333258e+02,3.766095238095227948e+00
2.257666666666666799e+02,7.731301587301596001e+00
2.259000000000000057e+02,3.703682539682539243e+01
2.260333333333333314e+02,-1.728888888888889142e+01
2.261666666666666572e+02,6.965726984126979460e+01
2.263000000000000114e+02,3.442273015873016107e+01
2.264333333333333371e+02,4.069384126984132166e+01
2.265666666666666629e+02,1.152241269841267801e+01
2.266999999999999886e+02,1.362133333333333773e+01
2.268333333333333428e+02,1.054374603174603742e+01
2.269666666666666686e+02,2.979936507936508860e+01
2.270999999999999943e+02,-8.484698412698435277e+00
2.272333333333333201e+02,4.736245079365079391e+02
2.273666666666666742e+02,6.535572063492063535e+02
2.275000000000000000e+02,6.538013968253968642e+02
2.276333333333333258e+02,6.927696507936508397e+02
2.277666666666666799e+02,6.654049523809524089e+02
2.279000000000000057e+02,6.786330158730157791e+02
2.280333333333333314e+02,7.072946031746033668e+02
2.281666666666666572e+02,7.021692698412698519e+02
2.283000000000000114e+02,6.821268571428571477e+02
2.284333333333333371e+02,6.938312380952381773e+02
2.285666666666666629e+02,6.896942222222222654e+02
2.286999999999999886e+02,7.410443174603174157e+02
2.288333333333333428e+02,7.848177777777777919e+02
2.289666666666666686e+02,7.869225396825396501e+02
2.290999999999999943e+02,7.435393015873016793e+02
2.292333333333333201e+02,6.904783492063492076e+02
2.293666666666666742e+02,6.685085714285714857e+02
2.295000000000000000e+02,7.214986666666667361e+02
2.296333333333333258e+02,6.673840000000000146e+02
2.297666666666666799e+02,7.340410158730160219e+02
2.299000000000000057e+02,6.312539682539681962e+02
2.300333333333333314e+02,6.312629841269842927e+02
2.301666666666666572e+02,6.398698412698413449e+02
2.303000000000000114e+02,6.972125714285715503e+02
2.304333333333333371e+02,6.966878730158731514e+02
2.305666666666666629e+02,6.031760000000001583e+02
2.306999999999999886e+02,7.683542857142857656e+02
2.308333333333333428e+02,6.938760634920635084e+02
2.309666666666666686e+02,5.836170158730158164e+02
2.310999999999999943e+02,5.689963174603175275e+02
2.312333333333333201e+02,6.248283174603175212e+02
2.313666666666666742e+02,6.561335873015873403e+02
2.315000000000000000e+02,6.888872380952382173e+02
2.316333333333333258e+02,6.247955555555556657e+02
2.317666666666666799e+02,6.799728253968254421e+02
2.319000000000000057e+02,7.915489523809525281e+02
2.320333333333333314e+02,8.609277460317462101e+02
2.321666666666666572e+02,7.626525714285714912e+02
2.323000000000000114e+02,8.355324444444444225e+02
2.324333333333333371e+02,7.447353650793650104e+02
2.325666666666666629e+02,8.241867936507936747e+02
2.326999999999999886e+02,7.084485079365078946e+02
2.328333333333333428e+02,6.761436190476190404e+02
2.329666666666666686e+02,7.050493968253970252e+02
2.330999999999999943e+02,7.566838095238094866e+02
2.332333333333333201e+02,7.071814603174603917e+02
2.333666666666666742e+02,6.300140952380952513e+02
2.335000000000000000e+02,6.110421587301586897e+02
2.336333333333333258e+02,6.326064761904760871e+02
2.337666666666666799e+02,6.120326349206349050e+02
2.339000000000000057e+02,6.762502857142857238e+02
2.340333333333333314e+02,6.149760000000001128e+02
2.341666666666666572e+02,6.895123809523809086e+02
2.343000000000000114e+02,7.030118095238094611e+02
2.344333333333333371e+02,7.313495873015873485e+02
2.345666666666666629e+02,6.719020952380952849e+02
2.346999999999999886e+02,6.651883174603174211e+02
2.348333333333333428e+02,6.220634920634920491e+02
2.349666666666666686e+02,6.780260317460317765e+02
2.350999999999999943e+02,6.128120634920635439e+02
2.352333333333333201e+02,6.205012063492064271e+02
2.353666666666666742e+02,6.633767619047619064e+02
2.355000000000000000e+02,6.419927619047620055e+02
2.356333333333333258e+02,4.847071746031745647e+02
2.357666666666666799e+02,7.964317460317419162e+00
2.359000000000000057e+02,-1.399999999999997691e+01
2.360333333333333314e+02,1.868609523809520923e+01
2.361666666666666572e+02,6.326628571428571490e+01
2.363000000000000114e+02,-7.285079365079356606e-01
2.364333333333333371e+02,-3.297828571428571820e+01
2.365666666666666629e+02,-3.155263492063493302e+01
2.366999999999999886e+02,-2.723923809523814654e+01
2.368333333333333428e+02,-9.982603174603152496e+00
2.369666666666666686e+02,-3.268063492063492959e+01
2.370999999999999943e+02,-3.689676190476191664e+01
2.372333333333333201e+02,9.163174603174592647e+00
2.373666666666666742e+02,4.700862222222222613e+02
2.375000000000000000e+02,6.684759365079364670e+02
2.376333333333333258e+02,6.288033015873015756e+02
2.377666666666666799e+02,1.076944761904762373e+02
2.379000000000000057e+02,3.598472380952381400e+02
2.380333333333333314e+02,6.830229841269842836e+02
2.381666666666666572e+02,6.181332063492063753e+02
2.383000000000000114e+02,6.103097142857143353e+02
2.384333333333333371e+02,6.505968253968254658e+02
2.385666666666666629e+02,2.620312380952380522e+02
2.386999999999999886e+02,-3.918107936507936273e+01
2.388333333333333428e+02,1.569295238095237721e+01
2.389666666666666686e+02,4.801457777777778233e+02
2.390999999999999943e+02,6.909439999999999600e+02
2.392333333333333201e+02,6.061135238095238265e+02
2.393666666666666742e+02,5.763283809523810532e+02
2.395000000000000000e+02,7.400107936507937438e+02
2.396333333333333258e+02,4.044497777777777969e+02
2.397666666666666799e+02,7.968622222222225560e+01
2.399000000000000057e+02,7.669672380952382582e+02
2.400333333333333314e+02,9.265743492063493250e+02
2.401666666666666572e+02,8.169432380952381436e+02
2.403000000000000114e+02,7.209399365079365225e+02
2.404333333333333371e+02,6.875865396825397511e+02
2.405666666666666629e+02,7.484407619047618709e+02
2.406999999999999886e+02,7.252209523809524399e+02
2.408333333333333428e+02,6.410813968253968369e+02
2.409666666666666686e+02,6.831307936507936347e+02
2.410999999999999943e+02,6.625235555555556175e+02
2.412333333333333201e+02,6.671174603174604272e+02
2.413666666666666742e+02,5.470567619047619701e+02
2.415000000000000000e+02,5.929982222222222390e+02
2.416333333333333258e+02,5.728948571428571768e+02
2.417666666666666799e+02,6.172398730158731723e+02
2.419000000000000057e+02,6.546862222222222272e+02
2.420333333333333314e+02,2.087897142857142398e+02
2.421666666666666572e+02,-2.109015873015873765e+01
2.423000000000000114e+02,6.125307936507930151e+01
2.424333333333333371e+02,-1.341815873015875837e+01
2.425666666666666629e+02,6.997219047619051935e+01
2.426999999999999886e+02,-1.061206349206350374e+00
2.428333333333333428e+02,4.667352380952381452e+01
2.429666666666666686e+02,-1.127580952380952084e+01
2.430999999999999943e+02,2.070412698412701502e+01
2.432333333333333201e+02,-8.989841269841260640e+00
2.433666666666666742e+02,1.206349206349832670e-02
2.435000000000000000e+02,-1.692774603174602532e+01
2.436333333333333258e+02,-5.348368253968253327e+01
2.437666666666666799e+02,-4.178539682539691213e+00
2.439000000000000057e+02,-3.422234920634923583e+01
2.440333333333333314e+02,-1.195517460317460134e+01
2.441666666666666572e+02,-1.199580952380954457e+01
2.443000000000000114e+02,-2.537574603174605414e+01
2.444333333333333371e+02,2.637498412698407790e+01
2.445666666666666629e+02,7.064926984126981324e+01
2.446999999999999886e+02,3.944227301587301326e+02
2.448333333333333428e+02,6.484708571428570849e+02
2.449666666666666686e+02,6.766773333333333085e+02
2.450999999999999943e+02,7.644756825396825661e+02
2.452333333333333201e+02,7.018250158730159001e+02
2.453666666666666742e+02,7.582392380952380790e+02
2.455000000000000000e+02,8.444472380952381627e+02
2.456333333333333258e+02,8.216855873015874749e+02
2.457666666666666799e+02,7.701655873015873794e+02
2.459000000000000057e+02,6.837260952380952403e+02
2.460333333333333314e+02,6.489140317460316965e+02
2.461666666666666572e+02,6.254741587301587060e+02
2.463000000000000114e+02,6.341667301587301608e+02
2.464333333333333371e+02,9.121373968253969906e+02
2.465666666666666629e+02,1.139503365079365267e+03
2.466999999999999886e+02,7.047549206349207225e+02
2.468333333333333428e+02,6.890364444444444416e+02
2.469666666666666686e+02,6.432787301587301272e+02
2.470999999999999943e+02,7.095964444444443870e+02
2.472333333333333201e+02,8.627756190476191023e+02
2.473666666666666742e+02,9.740121904761906535e+02
2.475000000000000000e+02,7.451986031746031358e+02
2.476333333333333258e+02,7.144954920634920654e+02
2.477666666666666799e+02,7.512377142857142189e+02
2.479000000000000057e+02,6.409509841269841672e+02
2.480333333333333314e+02,6.304118095238095520e+02
2.481666666666666572e+02,5.913754920634920609e+02
2.483000000000000114e+02,6.401908571428571122e+02
2.484333333333333371e+02,6.799273650793651314e+02
2.485666666666666629e+02,7.150631111111111977e+02
2.486999999999999886e+02,6.362566349206349514e+02
2.488333333333333428e+02,3.305621587301587283e+02
2.489666666666666686e+02,1.590445714285713734e+02
2.490999999999999943e+02,8.410463492063493618e+01
2.492333333333333201e+02,2.796109206349206602e+02
2.493666666666666742e+02,5.736799999999996658e+01
2.495000000000000000e+02,-6.774526984126983109e+01
2.496333333333333258e+02,-1.090539682539679589e+00
2.497666666666666799e+02,8.317320634920636735e+01
2.499000000000000057e+02,9.465168253968256806e+01
